OBJECTID_1,GEOID,STUSAB,NAME,B25002EST1,B25002EST2,B25002EST2_PCT,B25002EST3,B25002EST3_PCT,B25009EST2,B25009EST2_PCT,B25009EST3,B25009EST3_PCT,B25009EST4,B25009EST4_PCT,B25009EST5,B25009EST5_PCT,B25009EST6,B25009EST6_PCT,B25009EST7,B25009EST7_PCT,B25009_OWNOCC_6PLUS,B25009_OWN_6PLUS_PCT,B25009EST10,B25009EST10_PCT,B25009EST11,B25009EST11_PCT,B25009EST12,B25009EST12_PCT,B25009EST13,B25009EST13_PCT,B25009EST14,B25009EST14_PCT,B25009EST15,B25009EST15_PCT,B25009_RENTOCC_6PLUS,B25009_RENT_6PLUS_PCT,B25009_TOT_1,B25009_TOT_1_PCT,B25009_TOT_2,B25009_TOT_2_PCT,B25009_TOT_3,B25009_TOT_3_PCT,B25009_TOT_4,B25009_TOT_4_PCT,B25009_TOT_5,B25009_TOT_5_PCT,B25009_TOT_6PLUS,B25009_TOT_6PLUS_PCT,B25037EST3,B25041EST2,B25041EST2_PCT,B25041EST3,B25041EST3_PCT,B25041EST4,B25041EST4_PCT,B25041_3PLUS_BDR,B25041_3PLUS_BDR_PCT,B25021EST1,B25021EST2,B25021EST3,B25024EST2,B25024EST2_PCT,B25024EST3,B25024EST3_PCT,B25024_2TO4,B25024_2TO4_PCT,B25024_5TO19,B25024_5TO19_PCT,B25024_20PLUS,B25024_20PLUS_PCT,B25024_OTHER,B25024_OTHER_PCT,B25032EST2,B25032EST3,B25032EST3_PCT,B25032EST4,B25032EST4_PCT,B25032_OWN_2TO4,B25032_OWN_2TO4_PCT,B25032_OWN_5TO19,B25032_OWN_5TO19_PCT,B25032_OWN_20PLUS,B25032_OWN_20PLUS_PCT,B25032_OWN_OTHER,B25032_OWN_OTHER_PCT,B25032EST13,B25032EST14,B25032EST14_PCT,B25032EST15,B25032EST15_PCT,B25032_RENT_2TO4,B25032_RENT_2TO4_PCT,B25032_RENT_5TO19,B25032_RENT_5TO19_PCT,B25032_RENT_20PLUS,B25032_RENT_20PLUS_PCT,B25032_RENT_OTHER,B25032_RENT_OTHER_PCT,B25036_OWN_2KPLUS,B25036_OWN_2KPLUS_PCT,B25036_OWN_80TO99,B25036_OWN_80TO99_PCT,B25036_OWN_50TO79,B25036_OWN_50TO79_PCT,B25036_OWN_49MINUS,B25036_OWN_49MINUS_PCT,B25036_RENT_2KPLUS,B25036_RENT_2KPLUS_PCT,B25036_RENT_80TO99,B25036_RENT_80TO99_PCT,B25036_RENT_50TO79,B25036_RENT_50TO79_PCT,B25036_RENT_49MINUS,B25036_RENT_49MINUS_PCT,B25036_RENT_80MINUS,B25036_RENT_80MINUS_PCT,B25036_TOT_2KPLUS,B25036_TOT_2KPLUS_PCT,B25036_TOT_80TO99,B25036_TOT_80TO99_PCT,B25036_TOT_50TO79,B25036_TOT_50TO79_PCT,B25036_TOT_49MINUS,B25036_TOT_49MINUS_PCT,B25068EST2,B25068EST2_PCT,B25068EST4,B25068EST4_PCT,B25068_0BDR_200TO499,B25068_0BDR_200TO499_PCT,B25068_0BDR_500TO999,B25068_0BDR_500TO999_PCT,B25068EST9,B25068EST9_PCT,B25068EST10,B25068EST10_PCT,B25068EST11,B25068EST11_PCT,B25068EST13,B25068EST13_PCT,B25068_1BDR_200TO499,B25068_1BDR_200TO499_PCT,B25068_1BDR_500TO999,B25068_1BDR_500TO999_PCT,B25068EST18,B25068EST18_PCT,B25068EST19,B25068EST19_PCT,B25068EST20,B25068EST20_PCT,B25068EST22,B25068EST22_PCT,B25068_2BDR_200TO499,B25068_2BDR_200TO499_PCT,B25068_2BDR_500TO999,B25068_2BDR_500TO999_PCT,B25068EST27,B25068EST27_PCT,B25068EST28,B25068EST28_PCT,B25068EST29,B25068EST29_PCT,B25068EST31,B25068EST31_PCT,B25068_3PLUSBDR_200TO499,B25068_3PLUSBDR_200TO499_PCT,B25068_3PLUSBDR_500TO999,B25068_3PLUSBDR_500TO999_PCT,B25068EST36,B25068EST36_PCT,B25068EST37,B25068EST37_PCT,B25056_500MINUS,B25056_500MINUS_PCT,B25056_500TO599,B25056_500TO599_PCT,B25056_600TO699,B25056_600TO699_PCT,B25056_700TO799,B25056_700TO799_PCT,B25056EST18,B25056EST18_PCT,B25056EST19,B25056EST19_PCT,B25056EST20,B25056EST20_PCT,B25056EST21,B25056EST21_PCT,B25056EST22,B25056EST22_PCT,B25056EST23,B25056EST23_PCT,B25056EST24,B25056EST24_PCT,B25058EST1,B25042EST3,B25042EST3_PCT,B25042EST4,B25042EST4_PCT,B25042EST5,B25042EST5_PCT,B25042_OWN_3PLUS_BDR,B25042_OWN_3PLUS_BDR_PCT,B25042EST10,B25042EST10_PCT,B25042EST11,B25042EST11_PCT,B25042EST12,B25042EST12_PCT,B25042_RENT_3PLUS_BDR,B25042_RENT_3PLUS_BDR_PCT,B25097EST1,B25097EST2,B25097EST3,B25123_TOT,B25123_TOT_1,B25123_TOT_2,B25123_TOT_3,B25123_TOT_4,B25123EST3,B25123EST3_PCT,B25123EST4,B25123EST4_PCT,B25123EST5,B25123EST5_PCT,B25123EST6,B25123EST6_PCT,B25123EST7,B25123EST7_PCT,B25123EST9,B25123EST9_PCT,B25123EST10,B25123EST10_PCT,B25123EST11,B25123EST11_PCT,B25123EST12,B25123EST12_PCT,B25123EST13,B25123EST13_PCT,Shape__Area,Shape__Length
1,17,IL,Illinois,5373385,4884061,90.89,489324,9.11,3237778,66.29,770693,23.8,1150136,35.52,508052,15.69,467891,14.45,220004,6.79,121002,3.74,1646283,33.71,686718,41.71,444567,27,227417,13.81,158415,9.62,79775,4.85,49391,3,1457411,29.84,1594703,32.65,735469,15.06,626306,12.82,299779,6.14,170393,3.49,1968,156373,2.91,606416,11.29,1511758,28.13,3098838,57.67,5.7,6.4,4.2,3161971,58.85,311584,5.8,644246,11.99,543884,10.12,580042,10.79,131658,2.45,3237778,2567640,79.3,214318,6.62,150779,4.66,91081,2.81,133844,4.13,80116,2.47,1646283,367006,22.29,80480,4.89,397598,24.15,391022,23.75,381109,23.15,29068,1.77,496803,15.34,692175,21.38,1273759,39.34,775041,23.94,197363,11.99,326446,19.83,628828,38.2,493646,29.99,1122474,68.18,694166,14.21,1018621,20.86,1902587,38.96,1268687,25.98,114186,6.94,9025,7.9,10660,9.34,49559,43.4,42711,2418216.23,2231,1.95,438199,26.62,36231,8.27,42178,9.63,175174,39.98,177106,40.42,7510,1.71,643916,39.11,15330,2.38,24166,3.75,252468,39.21,329614,51.19,22338,3.47,449982,27.33,6785,1.51,14308,3.18,109107,24.25,283693,63.05,36089,8.02,253521,15.4,122279,7.43,131424,7.98,142523,8.66,150063,9.12,133663,8.12,231780,14.08,148062,8.99,158491,9.63,106309,6.46,68168,4.14,893,11974,0.37,90628,2.8,693762,21.43,2441414,75.4,114186,6.94,438199,26.62,643916,39.11,449982,27.33,202100,217400,174800,3414202,1403894,62246,3681,38,712148,21.99,15058,0.47,1458,0.05,8,0,2509106,77.49,691746,42.02,47188,2.87,2223,0.14,30,0,905096,54.98,249659759447.324,2780938.96515637
2,18,IN,Indiana,2903720,2602770,89.64,300950,10.36,1808293,69.48,421513,23.31,697257,38.56,275433,15.23,239377,13.24,112297,6.21,62416,3.45,794477,30.52,333680,42,215854,27.17,108604,13.67,77349,9.74,36274,4.57,22716,2.86,755193,29.01,913111,35.08,384037,14.75,316726,12.17,148571,5.71,85132,3.27,1975,44939,1.55,260084,8.96,741293,25.53,1857404,63.97,5.9,6.5,4.4,2121584,73.06,108823,3.75,171622,5.91,237701,8.19,127308,4.38,136682,4.71,1808293,1657899,91.68,52782,2.92,12668,0.7,6055,0.33,3696,0.2,75193,4.16,794477,285265,35.91,43012,5.41,130090,16.37,197991,24.92,103497,13.03,34622,4.36,345403,19.1,445990,24.66,635136,35.12,381764,21.11,117751,14.82,212907,26.8,294924,37.12,168895,21.26,463819,58.38,463154,17.79,658897,25.32,930060,35.73,550659,21.16,30856,3.88,2565,8.31,5703,18.48,16906,54.79,4828,270706.87,854,2.77,190888,24.03,19287,10.1,24603,12.89,118384,62.02,24578,12.88,4036,2.11,318529,40.09,7304,2.29,13250,4.16,202246,63.49,81336,25.53,14393,4.52,254204,32,3839,1.51,8093,3.18,102520,40.33,115193,45.32,24559,9.66,168039,21.15,116299,14.64,127290,16.02,108291,13.63,77551,9.76,44233,5.57,58687,7.39,25955,3.27,14957,1.88,9333,1.17,43842,5.52,667,3244,0.18,26276,1.45,313639,17.34,1465134,81.02,30856,3.88,190888,24.03,318529,40.09,254204,32,148900,156100,130600,1973824,603459,22945,2184,358,278481,15.4,5972,0.33,1357,0.08,260,0.01,1522223,84.18,324978,40.9,16973,2.14,827,0.1,98,0.01,451601,56.84,159573993514.449,2248208.13794834
3,20,KS,Kansas,1280376,1141985,89.19,138391,10.81,756309,66.23,169504,22.41,298607,39.48,107257,14.18,101222,13.38,50804,6.72,28915,3.82,385676,33.77,162908,42.24,104853,27.19,50536,13.1,37804,9.8,18628,4.83,10947,2.84,332412,29.11,403460,35.33,157793,13.82,139026,12.17,69432,6.08,39862,3.49,1975,29022,2.27,120411,9.4,327428,25.57,803515,62.76,6.1,6.9,4.4,930637,72.68,59740,4.67,77725,6.07,95537,7.46,62015,4.84,54722,4.27,756309,696316,92.07,22621,2.99,3809,0.5,1667,0.22,1558,0.21,30338,4.01,385676,148021,38.38,33120,8.59,60700,15.74,79949,20.73,51931,13.46,11955,3.1,127185,16.82,191026,25.26,281420,37.21,156678,20.72,63649,16.5,99809,25.88,149989,38.89,72229,18.73,222218,57.62,190834,16.71,290835,25.47,431409,37.78,228907,20.04,19806,5.14,1526,7.7,3325,16.79,11118,56.13,3497,229506.07,340,1.72,88544,22.96,7008,7.91,14339,16.19,49842,56.29,15627,17.65,1728,1.95,150206,38.95,2783,1.85,7431,4.95,89272,59.43,44397,29.56,6323,4.21,127120,32.96,984,0.77,4172,3.28,45148,35.52,64240,50.53,12576,9.89,95359,24.73,51866,13.45,50499,13.09,42708,11.07,32363,8.39,22249,5.77,35011,9.08,15667,4.06,13052,3.38,5935,1.54,20967,5.44,665,1813,0.24,12647,1.67,128993,17.06,612856,81.03,19806,5.14,88544,22.96,150206,38.95,127120,32.96,157600,172200,128400,854942,272824,13409,798,12,123751,16.36,3206,0.42,333,0.04,0,0,629019,83.17,149073,38.65,10203,2.65,465,0.12,12,0,225923,58.58,348444038450.109,2570737.00363692
4,21,KY,Kentucky,1994554,1748053,87.64,246501,12.36,1181021,67.56,286021,24.22,457337,38.72,191074,16.18,149509,12.66,63710,5.39,33370,2.83,567032,32.44,216079,38.11,157998,27.86,87313,15.4,59788,10.54,29002,5.11,16852,2.97,502100,28.72,615335,35.2,278387,15.93,209297,11.97,92712,5.3,50222,2.87,1979,31000,1.55,159219,7.98,522536,26.2,1281799,64.26,5.8,6.4,4.4,1347181,67.54,51490,2.58,144884,7.26,155661,7.8,64239,3.22,231099,11.59,1181021,1005875,85.17,25681,2.17,8919,0.76,10181,0.86,3714,0.31,126651,10.72,567032,200157,35.3,22133,3.9,114287,20.16,125215,22.08,51476,9.08,53764,9.48,267500,22.65,353842,29.96,412647,34.94,147032,12.45,98352,17.35,170617,30.09,217293,38.32,80770,14.24,298063,52.57,365852,20.93,524459,30,629940,36.04,227802,13.03,20715,3.65,3252,15.7,4314,20.83,9702,46.84,2557,152404.99,890,4.3,111380,19.64,16561,14.87,18372,16.49,62017,55.68,10947,9.83,3483,3.13,229817,40.53,9457,4.12,17976,7.82,142236,61.89,43293,18.84,16855,7.33,205120,36.17,4877,2.38,9854,4.8,84909,41.39,74549,36.34,30931,15.08,167677,29.57,81568,14.39,71305,12.58,58314,10.28,43589,7.69,29242,5.16,35581,6.27,14992,2.64,7951,1.4,4654,0.82,52159,9.2,610,3043,0.26,19618,1.66,197628,16.73,960732,81.35,20715,3.65,111380,19.64,229817,40.53,205120,36.17,147100,161600,118200,1315733,412178,18529,1320,293,201478,17.06,4658,0.39,601,0.05,76,0.01,974208,82.49,210700,37.16,13871,2.45,719,0.13,217,0.04,341525,60.23,166705581196.559,2749110.4189488
5,22,LA,Louisiana,2074664,1751956,84.45,322708,15.55,1167628,66.65,296917,25.43,430840,36.9,195919,16.78,145374,12.45,65565,5.62,33013,2.83,584328,33.35,241166,41.27,150988,25.84,87112,14.91,58613,10.03,28920,4.95,17529,3,538083,30.71,581828,33.21,283031,16.16,203987,11.64,94485,5.39,50542,2.88,1978,33109,1.6,179842,8.67,499264,24.06,1362449,65.67,5.6,6.1,4.5,1363426,65.72,56268,2.71,164947,7.95,119045,5.74,99170,4.78,271808,13.1,1167628,977189,83.69,19518,1.67,12496,1.07,3613,0.31,4084,0.35,150728,12.91,584328,216440,37.04,28482,4.87,117318,20.08,88842,15.2,73928,12.65,59318,10.15,291700,24.98,324500,27.79,444923,38.1,106505,9.12,106701,18.26,161325,27.61,248238,42.48,68064,11.65,316302,54.13,398401,22.74,485825,27.73,693161,39.56,174569,9.96,18292,3.13,2466,13.48,2950,16.13,9383,51.3,2623,192703.8,870,4.76,118506,20.28,12480,10.53,12852,10.85,67159,56.67,22478,18.97,3537,2.98,223954,38.33,8690,3.88,15213,6.79,116614,52.07,65718,29.34,17719,7.91,223576,38.26,3941,1.76,11147,4.99,74405,33.28,94045,42.06,40038,17.91,127541,21.83,58704,10.05,67062,11.48,67688,11.58,55810,9.55,36842,6.31,54351,9.3,29430,5.04,17005,2.91,7731,1.32,62164,10.64,711,4747,0.41,19587,1.68,165167,14.15,978127,83.77,18292,3.13,118506,20.28,223954,38.33,223576,38.26,168100,186900,144300,1260147,469884,20915,886,124,207466,17.77,5416,0.46,411,0.04,19,0,954316,81.73,262418,44.91,15499,2.65,475,0.08,105,0.02,305831,52.34,165729249675.061,16322557.36781
6,25,MA,Massachusetts,2913009,2646980,90.87,266029,9.13,1654892,62.52,353576,21.37,589413,35.62,289287,17.48,267551,16.17,104294,6.3,50771,3.07,992088,37.48,397960,40.11,291268,29.36,150171,15.14,96014,9.68,36525,3.68,20150,2.03,751536,28.39,880681,33.27,439458,16.6,363565,13.74,140819,5.32,70921,2.68,1958,82877,2.85,394105,13.53,812872,27.9,1623155,55.72,5.6,6.5,4,1516717,52.07,158626,5.45,592402,20.34,293511,10.08,327497,11.24,24256,0.83,1654892,1276084,77.11,96816,5.85,165747,10.02,46230,2.79,53005,3.2,17010,1.03,992088,95152,9.59,50418,5.08,369408,37.24,225004,22.68,248002,25,4104,0.41,184712,11.16,345856,20.9,571086,34.51,553238,33.43,106281,10.71,149986,15.12,307563,31,428258,43.17,735821,74.17,290993,10.99,495842,18.73,878649,33.19,981496,37.08,63242,6.37,7314,11.57,5698,9.01,16975,26.84,32151,1249731.08,1104,1.75,297675,30,36125,12.14,33001,11.09,66631,22.38,156580,52.6,5338,1.79,384090,38.72,12203,3.18,16096,4.19,64407,16.77,280257,72.97,11127,2.9,247081,24.91,5301,2.15,8502,3.44,36906,14.94,180086,72.89,16286,6.59,145891,14.71,33436,3.37,41148,4.15,50300,5.07,60134,6.06,53815,5.42,129789,13.08,111047,11.19,167910,16.92,164763,16.61,33855,3.41,1182,6800,0.41,55933,3.38,346246,20.92,1245913,75.29,63242,6.37,297675,30,384090,38.72,247081,24.91,398800,405700,386000,1759901,852637,31986,2419,37,415232,25.09,5986,0.36,577,0.03,21,0,1233076,74.51,437405,44.09,26000,2.62,1842,0.19,16,0,526825,53.1,38343383080.5078,4149616.12451156
7,24,MD,Maryland,2459650,2230527,90.68,229123,9.32,1495828,67.06,332002,22.2,523375,34.99,258039,17.25,227194,15.19,96602,6.46,58616,3.92,734699,32.94,281022,38.25,195645,26.63,109891,14.96,81794,11.13,40420,5.5,25927,3.53,613024,27.48,719020,32.24,367930,16.5,308988,13.85,137022,6.14,84543,3.79,1976,45940,1.87,248570,10.11,525189,21.35,1639951,66.67,6.3,7.3,4.3,1268513,51.57,524809,21.34,90693,3.69,312497,12.7,229353,9.32,33785,1.37,1495828,1069713,71.51,326383,21.82,8638,0.58,38817,2.6,32813,2.19,19464,1.3,734699,113444,15.44,142379,19.38,67255,9.15,240243,32.7,164683,22.42,6695,0.91,264788,17.7,467180,31.23,539322,36.06,224538,15.01,121434,16.53,202844,27.61,289676,39.43,120745,16.43,410421,55.86,386222,17.32,670024,30.04,828998,37.17,345283,15.48,35745,4.87,2994,8.38,2332,6.52,9196,25.73,20504,1235322.8,719,2.01,195662,26.63,15177,7.76,12503,6.39,40051,20.47,124973,63.87,2958,1.51,277597,37.78,5090,1.83,6172,2.22,37544,13.52,221347,79.74,7444,2.68,225695,30.72,2609,1.16,3970,1.76,22409,9.93,181551,80.44,15156,6.72,66046,8.99,18802,2.56,24047,3.27,32217,4.39,39157,5.33,45553,6.2,121345,16.52,122330,16.65,161021,21.92,77904,10.6,26277,3.58,1264,3286,0.22,22284,1.49,181648,12.14,1288610,86.15,35745,4.87,195662,26.63,277597,37.78,225695,30.72,325400,333400,300600,1544198,657056,27653,1600,20,328903,21.99,5315,0.36,457,0.03,0,0,1161153,77.63,328153,44.66,22338,3.04,1143,0.16,20,0,383045,52.14,42583313565.9805,10029195.6447873
8,23,ME,Maine,746793,569551,76.27,177242,23.73,414939,72.85,97434,23.48,179318,43.22,62967,15.18,49804,12,17051,4.11,8365,2.02,154612,27.15,72126,46.65,43811,28.34,19690,12.74,11338,7.33,5160,3.34,2487,1.61,169560,29.77,223129,39.18,82657,14.51,61142,10.74,22211,3.9,10852,1.91,1971,21470,2.87,87855,11.76,220008,29.46,417460,55.9,5.6,6.1,4.2,524685,70.26,17458,2.34,76739,10.28,39319,5.27,25989,3.48,62603,8.38,414939,348536,84,10104,2.44,11820,2.85,2369,0.57,1716,0.41,40394,9.73,154612,35569,23.01,5200,3.36,51591,33.37,31182,20.17,20043,12.96,11027,7.13,81887,19.73,116444,28.06,113628,27.38,102980,24.82,16809,10.87,38770,25.08,45134,29.19,53899,34.86,99033,64.05,98696,17.33,155214,27.25,158762,27.87,156879,27.54,8550,5.53,1537,17.98,1329,15.54,4325,50.58,1099,80803.4,260,3.04,46494,30.07,5764,12.4,7143,15.36,22981,49.43,9105,19.58,1501,3.23,57968,37.49,2339,4.03,3349,5.78,25241,43.54,22848,39.41,4191,7.23,41600,26.91,918,2.21,1409,3.39,12013,28.88,21466,51.6,5794,13.93,30904,19.99,11479,7.42,16895,10.93,18136,11.73,15143,9.79,10639,6.88,20326,13.15,9679,6.26,6772,4.38,2893,1.87,11746,7.6,768,1605,0.39,16192,3.9,102879,24.79,294263,70.92,8550,5.53,46494,30.07,57968,37.49,41600,26.91,198000,210100,174100,415162,147835,5780,737,37,86377,20.82,2197,0.53,320,0.08,35,0.01,326010,78.57,61458,39.75,3583,2.32,417,0.27,2,0,89152,57.66,170620038154.434,10628394.6932218
9,26,MI,Michigan,4611913,3980408,86.31,631505,13.69,2855485,71.74,700075,24.52,1091150,38.21,434044,15.2,370829,12.99,165235,5.79,94152,3.3,1124923,28.26,489519,43.52,303177,26.95,147407,13.1,106029,9.43,47936,4.26,30855,2.74,1189594,29.89,1394327,35.03,581451,14.61,476858,11.98,213171,5.36,125007,3.14,1972,74417,1.61,410345,8.9,1156383,25.07,2970768,64.42,5.9,6.5,4.4,3326057,72.12,212338,4.6,227869,4.94,350709,7.6,245415,5.32,249525,5.41,2855485,2516764,88.14,122191,4.28,31109,1.09,25311,0.89,10232,0.36,149878,5.25,1124923,363739,32.33,68887,6.12,155905,13.86,286403,25.46,202469,18,47520,4.22,409077,14.33,666451,23.34,1187304,41.58,592653,20.75,120118,10.68,268125,23.83,491452,43.69,245228,21.8,736680,65.49,529195,13.29,934576,23.48,1678756,42.18,837881,21.05,44731,3.98,3942,8.81,6485,14.5,24767,55.37,8599,496208.13,938,2.1,284795,25.32,32186,11.3,33272,11.68,166745,58.55,47947,16.84,4645,1.63,437419,38.88,11685,2.67,18638,4.26,229198,52.4,160195,36.62,17703,4.05,357978,31.82,4060,1.13,11309,3.16,121466,33.93,187184,52.29,33959,9.49,200076,17.79,127346,11.32,149992,13.33,152945,13.6,127758,11.36,85286,7.58,111397,9.9,50531,4.49,37533,3.34,24814,2.21,57245,5.09,737,4950,0.17,45320,1.59,500944,17.54,2304271,80.7,44731,3.98,284795,25.32,437419,38.88,357978,31.82,162600,174800,138400,2928688,1013109,34715,3614,282,527931,18.49,10391,0.36,1504,0.05,183,0.01,2315476,81.09,485178,43.13,24324,2.16,2110,0.19,99,0.01,613212,54.51,294902818294.539,9657775.98720048
10,27,MN,Minnesota,2458030,2207988,89.83,250042,10.17,1588611,71.95,351829,22.15,621516,39.12,234225,14.74,226671,14.27,100239,6.31,54131,3.41,619377,28.05,284101,45.87,164434,26.55,73201,11.82,51863,8.37,25457,4.11,20321,3.28,635930,28.8,785950,35.6,307426,13.92,278534,12.61,125696,5.69,74452,3.37,1976,57561,2.34,278822,11.34,615960,25.06,1505687,61.26,6.2,7,3.9,1647497,67.03,182492,7.42,101989,4.15,136458,5.55,310215,12.62,79379,3.23,1588611,1354781,85.28,123436,7.77,18726,1.18,11669,0.73,31182,1.96,48817,3.07,619377,118680,19.16,51192,8.27,72479,11.7,112396,18.15,254865,41.15,9765,1.58,317406,19.98,424273,26.71,518969,32.67,327963,20.64,111268,17.96,158316,25.56,231954,37.45,117839,19.03,349793,56.47,428674,19.41,582589,26.39,750923,34.01,445802,20.19,41528,6.7,3676,8.85,4497,10.83,20841,50.19,11771,786609.4,743,1.79,202819,32.75,19729,9.73,21213,10.46,86522,42.66,72969,35.98,2386,1.18,228135,36.83,5717,2.51,9217,4.04,80337,35.21,125334,54.94,7530,3.3,146895,23.72,2465,1.68,6300,4.29,32342,22.02,91169,62.06,14619,9.95,95977,15.5,35975,5.81,42364,6.84,54466,8.79,59384,9.59,56908,9.19,98809,15.95,69101,11.16,55653,8.99,25462,4.11,25278,4.08,916,4128,0.26,39515,2.49,305956,19.26,1239012,77.99,41528,6.7,202819,32.75,228135,36.83,146895,23.72,235700,245100,215300,1647385,532880,25516,2097,110,278928,17.56,5639,0.35,869,0.05,90,0.01,1303085,82.03,253952,41,19877,3.21,1228,0.2,20,0,344300,55.59,458690450877.527,4709084.86814972
11,29,MO,Missouri,2804664,2440212,87.01,364452,12.99,1637374,67.1,387571,23.67,647504,39.55,244231,14.92,214564,13.1,92626,5.66,50878,3.11,802838,32.9,339492,42.29,222835,27.76,107342,13.37,75740,9.43,35662,4.44,21767,2.71,727063,29.8,870339,35.67,351573,14.41,290304,11.9,128288,5.26,72645,2.98,1975,53640,1.91,265915,9.48,747767,26.66,1737342,61.94,5.8,6.4,4.4,1973813,70.38,95900,3.42,223089,7.95,201775,7.19,140551,5.01,169536,6.04,1637374,1465167,89.48,43258,2.64,17297,1.06,12492,0.76,9972,0.61,89188,5.45,802838,292906,36.48,45611,5.68,165411,20.6,151808,18.91,109365,13.62,37737,4.7,333026,20.34,452049,27.61,585285,35.75,267014,16.31,125041,15.57,203670,25.37,315737,39.33,158390,19.73,474127,59.06,458067,18.77,655719,26.87,901022,36.92,425404,17.43,32321,4.03,2901,8.98,4429,13.7,19074,59.01,5150,296706.75,767,2.37,184219,22.95,18207,9.88,28425,15.43,103092,55.96,30072,16.32,4423,2.4,326644,40.69,7185,2.2,19021,5.82,196901,60.28,87328,26.73,16209,4.96,259654,32.34,2656,1.02,9081,3.5,99088,38.16,121462,46.78,27367,10.54,201685,25.12,111988,13.95,109949,13.7,95116,11.85,71297,8.88,47196,5.88,60055,7.48,27395,3.41,18088,2.25,11303,1.41,48766,6.07,651,3947,0.24,33696,2.06,291464,17.8,1308267,79.9,32321,4.03,184219,22.95,326644,40.69,259654,32.34,163600,172800,146100,1816299,598803,22416,2491,203,277687,16.96,6475,0.4,1138,0.07,129,0.01,1351945,82.57,321116,40,15941,1.99,1353,0.17,74,0.01,464354,57.84,294362518860.102,3049352.71613591
12,28,MS,Mississippi,1330867,1116649,83.9,214218,16.1,767972,68.77,198808,25.89,284772,37.08,122462,15.95,95796,12.47,43260,5.63,22874,2.98,348677,31.23,127706,36.63,92093,26.41,55609,15.95,40632,11.65,20372,5.84,12265,3.52,326514,29.24,376865,33.75,178071,15.95,136428,12.22,63632,5.7,35139,3.15,1982,21242,1.6,77524,5.83,284692,21.39,947409,71.19,5.8,6.2,4.7,922035,69.28,16456,1.24,74796,5.62,87279,6.56,31914,2.4,198387,14.91,767972,644036,83.86,6802,0.89,1691,0.22,1041,0.14,546,0.07,113856,14.83,348677,147860,42.41,7960,2.28,58634,16.82,68984,19.78,24645,7.07,40594,11.64,198864,25.89,248617,32.37,266783,34.74,53708,6.99,71081,20.39,112074,32.14,139521,40.01,26001,7.46,165522,47.47,269945,24.17,360691,32.3,406304,36.39,79709,7.14,11932,3.42,2112,17.7,2175,18.23,5144,43.11,1745,109405.46,756,6.34,49597,14.22,8229,16.59,7983,16.1,27427,55.3,4041,8.15,1917,3.87,124396,35.68,7002,5.63,12725,10.23,70929,57.02,22065,17.74,11675,9.39,162752,46.68,4127,2.54,8751,5.38,70019,43.02,51820,31.84,28035,17.23,107826,30.92,47285,13.56,40103,11.5,34636,9.93,24997,7.17,16566,4.75,20397,5.85,7853,2.25,4891,1.4,1740,0.5,42383,12.16,595,2759,0.36,10100,1.32,95085,12.38,660028,85.94,11932,3.42,49597,14.22,124396,35.68,162752,46.68,125500,151500,97100,819587,284500,11669,869,24,142532,18.56,3609,0.47,287,0.04,5,0,621539,80.93,141968,40.72,8060,2.31,582,0.17,19,0.01,198048,56.8,175165266838.689,3281570.09514285
13,06,CA,California,14210945,13103114,92.2,1107831,7.8,7241318,55.26,1416913,19.57,2403865,33.2,1235833,17.07,1182987,16.34,567528,7.84,434192,6,5861796,44.74,1697906,28.97,1579529,26.95,954485,16.28,822078,14.02,458328,7.82,349470,5.96,3114819,23.77,3983394,30.4,2190318,16.72,2005065,15.3,1025856,7.83,783662,5.98,1974,632774,4.45,1895357,13.34,3881570,27.31,7801244,54.9,5.1,6,4,8206621,57.75,1009488,7.1,1113840,7.84,1561428,10.99,1788697,12.59,530871,3.74,7241318,5961346,82.32,518190,7.16,136486,1.88,134195,1.85,155873,2.15,335228,4.63,5861796,1673204,28.54,424647,7.24,880873,15.03,1294192,22.08,1464428,24.98,124452,2.12,1197395,16.54,1879748,25.96,3159740,43.63,1004435,13.87,764873,13.05,1535925,26.2,2638616,45.01,922382,15.74,3560998,60.75,1962268,14.98,3415673,26.07,5798356,44.25,1926817,14.71,496503,8.47,28419,5.72,25008,5.04,125087,25.19,310065,14227833.79,7924,1.6,1512885,25.81,57541,3.8,65606,4.34,282092,18.65,1085947,71.78,21699,1.43,2220822,37.89,22640,1.02,36965,1.66,285423,12.85,1816785,81.81,59009,2.66,1631586,27.83,8210,0.5,18917,1.16,134236,8.23,1375075,84.28,95148,5.83,342526,5.84,131191,2.24,164505,2.81,222888,3.8,283436,4.84,292558,4.99,821092,14.01,754491,12.87,1250397,21.33,1414932,24.14,183780,3.14,1442,50963,0.7,173846,2.4,1307148,18.05,5709361,78.84,496503,8.47,1512885,25.81,2220822,37.89,1631586,27.83,538500,557100,490300,7404137,5124995,545436,26677,1869,2273413,31.4,88371,1.22,4076,0.06,215,0,4875243,67.33,2851582,48.65,457065,7.8,22601,0.39,1654,0.03,2528894,43.14,649620886250.613,7023996.25592321
14,08,CO,Colorado,2361372,2137402,90.52,223970,9.48,1415324,66.22,318232,22.48,543489,38.4,218903,15.47,199871,14.12,84928,6,49901,3.53,722078,33.78,273551,37.88,216507,29.98,100286,13.89,75155,10.41,35134,4.87,21445,2.97,591783,27.69,759996,35.56,319189,14.93,275026,12.87,120062,5.62,71346,3.34,1981,57053,2.42,267760,11.34,578964,24.52,1457595,61.73,5.9,6.9,4.1,1483301,62.82,169689,7.19,114919,4.87,237662,10.06,261827,11.09,93974,3.98,1415324,1174324,82.97,101779,7.19,20561,1.45,33709,2.38,26272,1.86,58679,4.15,722078,194217,26.9,54420,7.54,79663,11.03,175339,24.28,194541,26.94,23898,3.31,381120,26.93,445632,31.49,457069,32.29,131503,9.29,162581,22.52,214472,29.7,266896,36.96,78129,10.82,345025,47.78,543701,25.44,660104,30.88,723965,33.87,209632,9.81,39359,5.45,2298,5.84,2262,5.75,14245,36.19,19712,1260618.05,842,2.14,198089,27.43,10875,5.49,9443,4.77,50535,25.51,124063,62.63,3173,1.6,271325,37.58,4613,1.7,6100,2.25,54697,20.16,198644,73.21,7271,2.68,213305,29.54,2021,0.95,3594,1.68,25606,12,168879,79.17,13205,6.19,55049,7.62,22240,3.08,29044,4.02,37572,5.2,46308,6.41,48099,6.66,127156,17.61,120696,16.72,144220,19.97,67203,9.31,24491,3.39,1217,5364,0.38,32353,2.29,233425,16.49,1144182,80.84,39359,5.45,198089,27.43,271325,37.58,213305,29.54,369900,378100,345300,1455586,650975,28896,1892,53,314283,22.21,5774,0.41,783,0.06,46,0,1094438,77.33,336692,46.63,23122,3.2,1109,0.15,7,0,361148,50.02,447310789448.797,2708264.61197935
15,09,CT,Connecticut,1521199,1385437,91.08,135762,8.92,915408,66.07,199728,21.82,339007,37.03,158070,17.27,141172,15.42,53643,5.86,23788,2.6,470029,33.93,194618,41.41,127168,27.06,70333,14.96,45630,9.71,21394,4.55,10886,2.32,394346,28.46,466175,33.65,228403,16.49,186802,13.48,75037,5.42,34674,2.5,1965,34396,2.26,193049,12.69,408203,26.83,885551,58.21,5.7,6.5,4.1,897094,58.97,85585,5.63,253641,16.67,134541,8.84,137923,9.07,12415,0.82,915408,764717,83.54,50694,5.54,52797,5.77,23456,2.56,15358,1.68,8386,0.92,470029,70823,15.07,28822,6.13,165147,35.14,95898,20.4,107246,22.82,2093,0.45,90529,9.89,196018,21.41,409828,44.77,219033,23.93,46658,9.93,89365,19.01,178129,37.9,155877,33.16,334006,71.06,137187,9.9,285383,20.6,587957,42.44,374910,27.06,26437,5.62,3070,11.61,3185,12.05,10523,39.8,9110,597311.87,549,2.08,141911,30.19,12240,8.63,11514,8.11,47901,33.75,67667,47.68,2589,1.82,184372,39.23,4496,2.44,4784,2.59,32169,17.45,136578,74.08,6345,3.44,117309,24.96,1417,1.21,2523,2.15,12627,10.76,91374,77.89,9368,7.99,55692,11.85,15100,3.21,21665,4.61,32807,6.98,44167,9.4,47898,10.19,91705,19.51,56082,11.93,50962,10.84,35100,7.47,18851,4.01,1023,2002,0.22,27040,2.95,175830,19.21,710536,77.62,26437,5.62,141911,30.19,184372,39.23,117309,24.96,279700,284000,270700,912720,455198,15961,1540,18,238845,26.09,3338,0.36,374,0.04,10,0,672841,73.5,216353,46.03,12623,2.69,1166,0.25,8,0,239879,51.03,23021735564.7852,1672362.56608804
16,11,DC,District of Columbia,319192,288307,90.32,30885,9.68,122648,42.54,46588,37.99,40043,32.65,17142,13.98,11659,9.51,4850,3.95,2366,1.93,165659,57.46,83454,50.38,48231,29.11,17281,10.43,9780,5.9,3943,2.38,2970,1.79,130042,45.11,88274,30.62,34423,11.94,21439,7.44,8793,3.05,5336,1.85,1963,31574,9.89,99029,31.02,82831,25.95,105758,33.13,4.1,6.1,3.3,38267,11.99,76206,23.87,32190,10.08,51441,16.12,120592,37.78,496,0.16,122648,30486,24.86,54249,44.23,6041,4.93,7707,6.28,24101,19.65,64,0.05,165659,5009,3.02,16210,9.79,22194,13.4,38266,23.1,83697,50.52,283,0.17,14228,11.6,6101,4.97,26279,21.43,76040,62,34811,21.01,16560,10,59675,36.02,54613,32.97,114288,68.99,49039,17.01,22661,7.86,85954,29.81,130653,45.32,24735,14.93,1368,5.53,775,3.13,1985,8.03,19967,625555.44,640,2.59,71198,42.98,4208,5.91,3362,4.72,10129,14.23,52982,74.42,517,0.73,46542,28.1,2739,5.89,1721,3.7,4867,10.46,35935,77.21,1280,2.75,23184,14,1045,4.51,1056,4.55,2690,11.6,16739,72.2,1654,7.13,18661,11.26,2723,1.64,3698,2.23,4689,2.83,5367,3.24,8205,4.95,19632,11.85,16699,10.08,32309,19.5,49585,29.93,4091,2.47,1517,3316,2.7,16127,13.15,27726,22.61,75479,61.54,24735,14.93,71198,42.98,46542,28.1,23184,14,618100,625100,591700,187434,96083,4660,111,19,27047,22.05,373,0.3,58,0.05,0,0,95170,77.6,69036,41.67,4287,2.59,53,0.03,19,0.01,92264,55.7,266623658.210938,149149.057817469
17,10,DE,Delaware,438438,370953,84.61,67485,15.39,264915,71.41,62276,23.51,105864,39.96,42408,16.01,34141,12.89,13398,5.06,6828,2.58,106038,28.59,42108,39.71,28948,27.3,14896,14.05,11365,10.72,5062,4.77,3659,3.45,104384,28.14,134812,36.34,57304,15.45,45506,12.27,18460,4.98,10487,2.83,1977,5829,1.33,28966,6.61,86087,19.63,317556,72.43,6.4,7,4.5,256679,58.54,69530,15.86,16604,3.79,39092,8.92,22205,5.06,34328,7.83,264915,202052,76.27,36895,13.93,1232,0.47,2684,1.01,2586,0.98,19466,7.35,106038,22420,21.14,20242,19.09,12145,11.45,30106,28.39,15689,14.8,5436,5.13,80120,30.24,74434,28.1,80834,30.51,29527,11.15,20359,19.2,27659,26.08,39762,37.5,18258,17.22,58020,54.72,100479,27.09,102093,27.52,120596,32.51,47785,12.88,4180,3.94,281,6.72,256,6.12,1656,39.62,1680,142706.05,307,7.34,22455,21.18,1921,8.55,2032,9.05,9236,41.13,9107,40.56,159,0.71,39994,37.72,1009,2.52,1006,2.52,9700,24.25,27307,68.28,972,2.43,39409,37.16,481,1.22,794,2.01,6082,15.43,28957,73.48,3095,7.85,11276,10.63,3565,3.36,6761,6.38,8321,7.85,11516,10.86,11797,11.13,25263,23.82,12668,11.95,7767,7.32,2571,2.42,4533,4.27,979,359,0.14,2510,0.95,31070,11.73,230976,87.19,4180,3.94,22455,21.18,39994,37.72,39409,37.16,258300,263800,245800,264264,103572,2991,121,5,56408,21.29,853,0.32,90,0.03,0,0,207564,78.35,47164,44.48,2138,2.02,31,0.03,5,0,56700,53.47,8486112177.375,1155780.44903149
18,12,FL,Florida,9562324,7931313,82.94,1631011,17.06,5250878,66.2,1344527,25.61,2151143,40.97,763551,14.54,594582,11.32,256480,4.88,140595,2.68,2680435,33.8,922793,34.43,779651,29.09,441849,16.48,309568,11.55,143108,5.34,83466,3.11,2267320,28.59,2930794,36.95,1205400,15.2,904150,11.4,399588,5.04,224061,2.83,1985,203122,2.12,959434,10.03,3094996,32.37,5304772,55.48,5.3,5.9,4.2,5231740,54.71,599418,6.27,569266,5.95,997881,10.44,1317928,13.78,846091,8.85,5250878,3873493,73.77,338178,6.44,104546,1.99,165822,3.16,299554,5.7,469285,8.94,2680435,754700,28.16,188447,7.03,356785,13.31,605531,22.59,617299,23.03,157673,5.88,1435631,27.34,1965206,37.43,1662798,31.67,187243,3.57,615430,22.96,971565,36.25,958255,35.75,135185,5.04,1093440,40.79,2051061,25.86,2936771,37.03,2621053,33.05,322428,4.07,125663,4.69,8656,6.89,7315,5.82,49606,39.48,57788,3763816.03,2298,1.83,579551,21.62,30072,5.19,27325,4.71,214800,37.06,296146,51.1,11208,1.93,1084874,40.47,13184,1.22,23411,2.16,276610,25.5,731932,67.47,39737,3.66,890347,33.22,5686,0.64,11809,1.33,129274,14.52,684998,76.94,58580,6.58,197373,7.36,114811,4.28,150325,5.61,203497,7.59,241875,9.02,235873,8.8,514350,19.19,378104,14.11,352097,13.14,180307,6.73,111823,4.17,1068,27318,0.52,158447,3.02,1283346,24.44,3781767,72.02,125663,4.69,579551,21.62,1084874,40.47,890347,33.22,232000,248100,203200,5134012,2663133,127741,6123,304,1317780,25.1,26851,0.51,2234,0.04,26,0,3903987,74.35,1345353,50.19,100890,3.76,3889,0.15,278,0.01,1230025,45.89,191555972488.84,21018182.2949919
19,30,MT,Montana,514956,436048,84.68,78908,15.32,298728,68.51,76102,25.48,127693,42.75,38162,12.77,34309,11.49,13866,4.64,8596,2.88,137320,31.49,58275,42.44,40608,29.57,18416,13.41,11543,8.41,4953,3.61,3525,2.57,134377,30.82,168301,38.6,56578,12.98,45852,10.52,18819,4.32,12121,2.78,1976,16654,3.23,52047,10.11,139611,27.11,306644,59.55,5.7,6.4,4.3,356872,69.3,20214,3.93,37132,7.21,27088,5.26,20388,3.96,53262,10.34,298728,251611,84.23,9568,3.2,3679,1.23,1267,0.42,702,0.23,31901,10.68,137320,51391,37.42,8278,6.03,27335,19.91,21752,15.84,16575,12.07,11989,8.73,72630,24.31,75947,25.42,98821,33.08,51330,17.18,25482,18.56,33200,24.18,52450,38.2,26188,19.07,78638,57.27,98112,22.5,109147,25.03,151271,34.69,77518,17.78,8521,6.21,637,7.48,1932,22.67,4635,54.4,1014,56505.27,303,3.56,28768,20.95,2543,8.84,4382,15.23,17038,59.23,3903,13.57,902,3.14,53143,38.7,1836,3.45,3328,6.26,29472,55.46,15418,29.01,3089,5.81,46888,34.15,1102,2.35,2358,5.03,13740,29.3,22548,48.09,7140,15.23,27279,19.87,15329,11.16,15711,11.44,14902,10.85,12863,9.37,7964,5.8,16412,11.95,7604,5.54,5440,3.96,2382,1.73,11434,8.33,731,1463,0.49,10395,3.48,61116,20.46,225754,75.57,8521,6.21,28768,20.95,53143,38.7,46888,34.15,244900,261500,219300,313962,117038,4388,643,17,63251,21.17,1455,0.49,237,0.08,17,0.01,233768,78.25,53787,39.17,2933,2.14,406,0.3,0,0,80194,58.4,820189530495.629,4615633.88404152
20,37,NC,North Carolina,4687122,4031592,86.01,655530,13.99,2649849,65.73,636188,24.01,1039378,39.22,420699,15.88,342644,12.93,142202,5.37,68738,2.59,1381743,34.27,522735,37.83,395550,28.63,214458,15.52,145295,10.52,65532,4.74,38173,2.76,1158923,28.75,1434928,35.59,635157,15.75,487939,12.1,207734,5.15,106911,2.65,1987,77313,1.65,314192,6.7,1156197,24.67,3139420,66.98,5.7,6.3,4.4,3061131,65.31,199865,4.26,219915,4.69,394890,8.42,227259,4.85,584062,12.46,2649849,2196977,82.91,107565,4.06,15240,0.58,19648,0.74,10651,0.4,299768,11.31,1381743,478332,34.62,73661,5.33,165991,12.01,312347,22.61,178455,12.92,172957,12.52,810370,30.58,912189,34.42,731381,27.6,195909,7.39,340422,24.64,498591,36.08,419463,30.36,123267,8.92,542730,39.28,1150792,28.54,1410780,34.99,1150844,28.55,319176,7.92,50275,3.64,4713,9.37,5117,10.18,23336,46.42,15384,1167907.37,1725,3.43,230718,16.7,19140,8.3,23838,10.33,107871,46.75,75140,32.57,4729,2.05,563968,40.82,15724,2.79,33586,5.96,292244,51.82,193094,34.24,29320,5.2,536782,38.85,8085,1.51,18967,3.53,182675,34.03,271424,50.57,55631,10.36,290334,21.01,153900,11.14,137398,9.94,131370,9.51,119658,8.66,94662,6.85,173783,12.58,101257,7.33,63254,4.58,24722,1.79,91405,6.62,749,7191,0.27,28415,1.07,374045,14.12,2240198,84.54,50275,3.64,230718,16.7,563968,40.82,536782,38.85,182100,202200,150500,2907574,1080584,40632,2756,46,506703,19.12,8892,0.34,958,0.04,0,0,2133296,80.51,573881,41.53,31740,2.3,1798,0.13,46,0,774278,56.04,193468337681.566,11408462.0571775
21,38,ND,North Dakota,376597,320873,85.2,55724,14.8,200671,62.54,47073,23.46,82488,41.11,26523,13.22,24912,12.41,13261,6.61,6414,3.2,120202,37.46,57293,47.66,33774,28.1,13874,11.54,8307,6.91,4154,3.46,2800,2.33,104366,32.53,116262,36.23,40397,12.59,33219,10.35,17415,5.43,9214,2.87,1987,11402,3.03,38096,10.12,108144,28.72,218955,58.14,5.9,7.1,4,214566,56.97,21899,5.81,21208,5.63,35206,9.35,56617,15.03,27101,7.2,200671,167939,83.69,12766,6.36,1942,0.97,2351,1.17,972,0.48,14701,7.33,120202,21078,17.54,7872,6.55,14440,12.01,26739,22.25,45721,38.04,4352,3.62,46636,23.24,40918,20.39,76025,37.89,37092,18.48,40663,33.83,28976,24.11,37389,31.11,13174,10.96,50563,42.07,87299,27.21,69894,21.78,113414,35.35,50266,15.67,7217,6,372,5.15,1580,21.89,4017,55.66,1104,71705.36,144,2,27187,22.62,2142,7.88,3573,13.14,17954,66.04,3189,11.73,329,1.21,53785,44.75,1652,3.07,2801,5.21,34101,63.4,13569,25.23,1662,3.09,32013,26.63,591,1.85,1164,3.64,8612,26.9,16993,53.08,4653,14.53,20422,16.99,14552,12.11,15146,12.6,15518,12.91,12152,10.11,9015,7.5,13386,11.14,6863,5.71,4564,3.8,1796,1.49,6788,5.65,744,440,0.22,3593,1.79,34764,17.32,161874,80.67,7217,6,27187,22.62,53785,44.75,32013,26.63,199900,225100,167600,247175,70581,2670,444,3,27865,13.89,479,0.24,39,0.02,3,0,172285,85.85,42716,35.54,2191,1.82,405,0.34,0,0,74890,62.3,400340975001.844,3125331.49332874
22,31,NE,Nebraska,844248,766663,90.81,77585,9.19,507291,66.17,112428,22.16,201323,39.69,69909,13.78,65569,12.93,36213,7.14,21849,4.31,259372,33.83,113267,43.67,68962,26.59,33211,12.8,23517,9.07,12023,4.64,8392,3.24,225695,29.44,270285,35.25,103120,13.45,89086,11.62,48236,6.29,30241,3.94,1975,15807,1.87,91084,10.79,217701,25.79,519656,61.55,6.1,7,4.3,609852,72.24,34375,4.07,38765,4.59,72665,8.61,60833,7.21,27758,3.29,507291,471315,92.91,16238,3.2,2254,0.44,1223,0.24,2267,0.45,13994,2.76,259372,91313,35.21,16173,6.24,30838,11.89,63958,24.66,51664,19.92,5426,2.09,96696,19.06,100913,19.89,183798,36.23,125884,24.81,43074,16.61,63692,24.56,95606,36.86,57000,21.98,152606,58.84,139770,18.23,164605,21.47,279404,36.44,182884,23.85,12297,4.74,1037,8.43,2275,18.5,6413,52.15,2331,124908.8,241,1.96,68957,26.59,5332,7.73,8572,12.43,42058,60.99,11899,17.26,1096,1.59,99644,38.42,2057,2.06,5013,5.03,59904,60.12,28885,28.99,3785,3.8,78474,30.26,785,1,3147,4.01,25883,32.98,38689,49.3,9970,12.7,55632,21.45,32909,12.69,32088,12.37,32662,12.59,25961,10.01,17908,6.9,24597,9.48,12325,4.75,5945,2.29,4253,1.64,15092,5.82,704,761,0.15,9769,1.93,91388,18.01,405373,79.91,12297,4.74,68957,26.59,99644,38.42,78474,30.26,164000,174300,145300,575600,182079,8444,509,31,85511,16.86,1527,0.3,118,0.02,31,0.01,420104,82.81,96568,37.23,6917,2.67,391,0.15,0,0,155496,59.95,357863594757.031,2922192.81889873
23,33,NH,New Hampshire,638611,539116,84.42,99495,15.58,383839,71.2,78450,20.44,159158,41.46,61632,16.06,55006,14.33,19457,5.07,10136,2.64,155277,28.8,65289,42.05,47715,30.73,20442,13.16,13635,8.78,5519,3.55,2677,1.72,143739,26.66,206873,38.37,82074,15.22,68641,12.73,24976,4.63,12813,2.38,1972,12811,2.01,70001,10.96,190583,29.84,365216,57.19,5.8,6.4,4,404224,63.3,35052,5.49,70369,11.02,49178,7.7,43337,6.79,36451,5.71,383839,314671,81.98,19951,5.2,13786,3.59,5239,1.36,4775,1.24,25417,6.62,155277,24130,15.54,8659,5.58,46711,30.08,36894,23.76,34912,22.48,3971,2.56,68781,17.92,124133,32.34,117858,30.71,73067,19.04,18354,11.82,41559,26.76,45258,29.15,50106,32.27,95364,61.42,87135,16.16,165692,30.73,163116,30.26,123173,22.85,7291,4.7,426,5.84,503,6.9,3921,53.78,2258,163808.5,183,2.51,45929,29.58,3483,7.58,4197,9.14,20773,45.23,16675,36.31,801,1.74,67037,43.17,1787,2.67,1441,2.15,12782,19.07,49067,73.19,1960,2.92,35020,22.55,288,0.82,678,1.94,4319,12.33,26604,75.97,3131,8.94,15419,9.93,5479,3.53,7265,4.68,12355,7.96,16827,10.84,16889,10.88,31305,20.16,20924,13.48,17021,10.96,5718,3.68,6075,3.91,1003,1029,0.27,11528,3,90629,23.61,280653,73.12,7291,4.7,45929,29.58,67037,43.17,35020,22.55,272300,281200,251300,376137,157295,5139,545,0,92593,24.12,1484,0.39,285,0.07,0,0,289477,75.42,64702,41.67,3655,2.35,260,0.17,0,0,86660,55.81,45916202580.0156,1591340.53643967
24,34,NJ,New Jersey,3628732,3272054,90.17,356678,9.83,2094427,64.01,433411,20.69,701181,33.48,376721,17.99,360399,17.21,144769,6.91,77946,3.72,1177627,35.99,418406,35.53,316652,26.89,191862,16.29,144298,12.25,65818,5.59,40591,3.45,851817,26.03,1017833,31.11,568583,17.38,504697,15.42,210587,6.44,118537,3.62,1968,98643,2.72,503815,13.88,934844,25.76,2091430,57.64,5.8,6.9,4,1941895,53.51,353278,9.74,552235,15.22,341489,9.41,405554,11.18,34281,0.94,2094427,1627044,77.68,204763,9.78,131312,6.27,51978,2.48,56988,2.72,22342,1.07,1177627,150590,12.79,97042,8.24,359181,30.5,256232,21.76,309205,26.26,5377,0.46,252182,12.04,477741,22.81,875402,41.8,489102,23.35,155282,13.19,234119,19.88,464592,39.45,323634,27.48,788226,66.93,407464,12.45,711860,21.76,1339994,40.95,812736,24.84,76800,6.52,9617,12.52,4943,6.44,22058,28.72,38685,2299620.43,1497,1.95,389256,33.05,27303,7.01,21756,5.59,79443,20.41,255878,65.74,4876,1.25,429815,36.5,7348,1.71,8665,2.02,46620,10.85,355376,82.68,11806,2.75,281756,23.93,3433,1.22,3732,1.32,19056,6.76,237700,84.36,17835,6.33,102056,8.67,22225,1.89,25256,2.14,45407,3.86,71628,6.08,86449,7.34,245274,20.83,201276,17.09,205198,17.42,136844,11.62,36014,3.06,1222,8114,0.39,63686,3.04,398307,19.02,1624320,77.55,76800,6.52,389256,33.05,429815,36.5,281756,23.93,343500,350800,328200,2048351,1160537,59559,3497,110,615157,29.37,11018,0.53,966,0.05,89,0,1467197,70.05,545380,46.31,48541,4.12,2531,0.21,21,0,581154,49.35,33576740119.0703,3904449.85710082
25,35,NM,New Mexico,943568,792755,84.02,150813,15.98,539082,68,145000,26.9,205264,38.08,78050,14.48,61993,11.5,29177,5.41,19598,3.64,253673,32,101025,39.82,68097,26.84,36366,14.34,26348,10.39,13503,5.32,8334,3.29,246025,31.03,273361,34.48,114416,14.43,88341,11.14,42680,5.38,27932,3.52,1981,29418,3.12,80847,8.57,231831,24.57,601472,63.74,5.4,5.9,4.4,608157,64.45,32781,3.47,53023,5.62,48467,5.14,40966,4.34,160174,16.98,539082,424045,78.66,16472,3.06,3149,0.58,1772,0.33,1131,0.21,92513,17.16,253673,97661,38.5,12123,4.78,39951,15.75,37150,14.64,33643,13.26,33145,13.07,122289,22.68,189132,35.08,186224,34.54,41437,7.69,43318,17.08,86999,34.3,102507,40.41,20849,8.22,123356,48.63,165607,20.89,276131,34.83,288731,36.42,62286,7.86,14890,5.87,1390,9.34,3148,21.14,8088,54.32,1445,91803.54,819,5.5,49771,19.62,4834,9.71,4868,9.78,31215,62.72,7121,14.31,1733,3.48,87883,34.64,3678,4.19,5564,6.33,48868,55.61,22562,25.67,7211,8.21,101129,39.87,1792,1.77,4753,4.7,28643,28.32,51867,51.29,14074,13.92,48443,19.1,26367,10.39,31350,12.36,26104,10.29,23939,9.44,18352,7.23,30350,11.96,14899,5.87,7327,2.89,2705,1.07,23837,9.4,732,4494,0.83,13136,2.44,92482,17.16,428970,79.57,14890,5.87,49771,19.62,87883,34.64,101129,39.87,175700,193800,153900,556310,223299,11801,1258,87,115847,21.49,4371,0.81,892,0.17,40,0.01,417932,77.53,107452,42.36,7430,2.93,366,0.14,47,0.02,138378,54.55,464401859151.664,2899922.2095487
26,32,NV,Nevada,1268533,1130011,89.08,138522,10.92,644864,57.07,150217,23.29,245410,38.06,97329,15.09,82655,12.82,42536,6.6,26717,4.14,485147,42.93,168766,34.79,137538,28.35,72715,14.99,54464,11.23,30374,6.26,21290,4.39,318983,28.23,382948,33.89,170044,15.05,137119,12.13,72910,6.45,48007,4.25,1992,44707,3.52,127431,10.05,327362,25.81,769033,60.62,5.3,6.1,4.3,760574,59.96,59131,4.66,99835,7.87,161134,12.7,118750,9.36,69109,5.45,644864,542019,84.05,31437,4.87,12276,1.9,12733,1.97,6097,0.95,40302,6.25,485147,163312,33.66,22061,4.55,75706,15.6,122159,25.18,84087,17.33,17822,3.67,253566,39.32,255509,39.62,124630,19.33,11159,1.73,136976,28.23,218272,44.99,117114,24.14,12785,2.64,129899,26.78,390542,34.56,473781,41.93,241744,21.39,23944,2.12,27499,5.67,1034,3.76,2360,8.58,16416,59.7,7276,583305.25,413,1.5,92059,18.98,2751,2.99,4081,4.43,50986,55.38,33505,36.4,736,0.8,180655,37.24,1490,0.82,3169,1.75,65570,36.3,106522,58.96,3904,2.16,184934,38.12,731,0.4,1925,1.04,16799,9.08,156795,84.78,8684,4.7,25358,5.23,24080,4.96,36327,7.49,47004,9.69,51731,10.66,49023,10.1,109172,22.5,71834,14.81,44172,9.1,12709,2.62,13737,2.83,1005,4065,0.63,10301,1.6,101848,15.79,528650,81.98,27499,5.67,92059,18.98,180655,37.24,184934,38.12,290200,298200,267400,726217,381021,21283,1465,25,158093,24.52,3299,0.51,520,0.08,25,0,482927,74.89,222928,45.95,17984,3.71,945,0.19,0,0,243290,50.15,480297136375.617,3054887.87943012
27,36,NY,New York,8362971,7417224,88.69,945747,11.31,4014516,54.12,917698,22.86,1379281,34.36,672729,16.76,607688,15.14,265280,6.61,171840,4.28,3402708,45.88,1291111,37.94,945990,27.8,519392,15.26,353539,10.39,168422,4.95,124254,3.65,2208809,29.78,2325271,31.35,1192121,16.07,961227,12.96,433702,5.85,296094,3.99,1955,400256,4.79,1567814,18.75,2241039,26.8,4153862,49.67,5.1,6.4,3.8,3500053,41.85,441437,5.28,1421217,16.99,781194,9.34,2026561,24.23,192509,2.3,4014516,2788009,69.45,303516,7.56,369856,9.21,82945,2.07,359644,8.96,110546,2.75,3402708,309234,9.09,106506,3.13,855156,25.13,620738,18.24,1472251,43.27,38823,1.14,346675,8.64,618908,15.42,1652799,41.17,1396134,34.78,332889,9.78,407666,11.98,1155625,33.96,1506528,44.27,2662153,78.24,679564,9.16,1026574,13.84,2808424,37.86,2902662,39.13,290281,8.53,24241,8.35,19418,6.69,63791,21.98,175985,7047336.35,6846,2.36,1121248,32.95,75821,6.76,73597,6.56,241921,21.58,708810,63.22,21099,1.88,1221645,35.9,40657,3.33,55878,4.57,286094,23.42,801854,65.64,37162,3.04,769534,22.62,15557,2.02,27278,3.54,155595,20.22,519142,67.46,51962,6.75,417632,12.27,144727,4.25,168095,4.94,182144,5.35,205824,6.05,175831,5.17,453211,13.32,385071,11.32,567871,16.69,585233,17.2,117069,3.44,1192,39198,0.98,243635,6.07,742012,18.48,2989671,74.47,290281,8.53,1121248,32.95,1221645,35.9,769534,22.62,325000,343700,292500,4559792,2652449,194128,10014,841,1064950,26.53,34051,0.85,3123,0.08,279,0.01,2912113,72.54,1587499,46.65,160077,4.7,6891,0.2,562,0.02,1647679,48.42,235099335714.918,7928104.61918004
28,02,AK,Alaska,318370,255173,80.15,63197,19.85,165376,64.81,37160,22.47,58834,35.58,25638,15.5,23016,13.92,10944,6.62,9784,5.92,89797,35.19,29873,33.27,26878,29.93,13268,14.78,9717,10.82,5727,6.38,4334,4.83,67033,26.27,85712,33.59,38906,15.25,32733,12.83,16671,6.53,14118,5.53,1984,19898,6.25,42648,13.4,83611,26.26,172213,54.09,5.1,5.7,4,200622,63.02,23696,7.44,40552,12.74,23238,7.3,15561,4.89,14701,4.62,165376,132326,80.02,12135,7.34,7383,4.46,3487,2.11,2030,1.23,8015,4.85,89797,25613,28.52,9725,10.83,25065,27.91,15180,16.9,11091,12.35,3123,3.48,36174,21.87,67680,40.92,57444,34.74,4078,2.47,17751,19.77,35660,39.71,32684,36.4,3702,4.12,36386,40.52,53925,21.13,103340,40.5,90128,35.32,7780,3.05,5544,6.17,223,4.02,420,7.58,3301,59.54,1126,95703.05,474,8.55,19071,21.24,498,2.61,1912,10.03,9058,47.5,6412,33.62,1191,6.25,32983,36.73,334,1.01,953,2.89,5529,16.76,24037,72.88,2130,6.46,32199,35.86,163,0.51,514,1.6,2811,8.73,25026,77.72,3685,11.44,7800,8.69,3292,3.67,2988,3.33,4241,4.72,6750,7.52,7721,8.6,17094,19.04,11427,12.73,13361,14.88,7643,8.51,7480,8.33,1122,2410,1.46,9020,5.45,32482,19.64,121464,73.45,5544,6.17,19071,21.24,32983,36.73,32199,35.86,275600,292800,234400,168047,75064,9222,2683,157,38631,23.36,4551,2.75,1550,0.94,72,0.04,120572,72.91,36433,40.57,4671,5.2,1133,1.26,85,0.09,47475,52.87,8140882121307.4,123283276.897757
29,01,AL,Alabama,2270398,1888504,83.18,381894,16.82,1306505,69.18,329415,25.21,505876,38.72,207856,15.91,162416,12.43,68317,5.23,32625,2.5,581999,30.82,237911,40.88,155362,26.69,87145,14.97,59148,10.16,27007,4.64,15426,2.65,567326,30.04,661238,35.01,295001,15.62,221564,11.73,95324,5.05,48051,2.54,1982,35353,1.56,138144,6.08,509414,22.44,1587487,69.92,5.9,6.5,4.7,1559486,68.69,37315,1.64,111820,4.93,169688,7.47,92762,4.09,299327,13.18,1306505,1111604,85.08,19414,1.49,4130,0.32,4602,0.35,3253,0.25,163502,12.51,581999,227122,39.02,13741,2.36,85034,14.61,129896,22.32,60607,10.41,65599,11.27,332496,25.45,426355,32.63,445956,34.13,101698,7.78,110151,18.93,198030,34.03,220045,37.81,53773,9.24,273818,47.05,442647,23.44,624385,33.06,666001,35.27,155471,8.23,19713,3.39,2593,13.15,4076,20.68,9572,48.56,2647,183804.1,825,4.19,92672,15.92,11654,12.58,16201,17.48,49200,53.09,12485,13.47,3132,3.38,221965,38.14,9139,4.12,21556,9.71,125495,56.54,46861,21.11,18914,8.52,247649,42.55,4634,1.87,12335,4.98,100880,40.74,91669,37.02,38131,15.4,186467,32.04,74312,12.77,64636,11.11,54075,9.29,42861,7.36,27396,4.71,38387,6.6,17418,2.99,10482,1.8,4963,0.85,61002,10.48,600,4590,0.35,15145,1.16,165731,12.69,1121039,85.8,19713,3.39,92672,15.92,221965,38.14,247649,42.55,149600,164800,117900,1413577,457987,16099,841,0,225708,17.28,5103,0.39,361,0.03,0,0,1075333,82.31,232279,39.91,10996,1.89,480,0.08,0,0,338244,58.12,189943759903.662,2730222.44230451
30,05,AR,Arkansas,1379778,1170544,84.84,209234,15.16,770477,65.82,184687,23.97,305502,39.65,119716,15.54,93688,12.16,41925,5.44,24959,3.24,400067,34.18,151287,37.82,106806,26.7,61860,15.46,44970,11.24,21956,5.49,13188,3.3,335974,28.7,412308,35.22,181576,15.51,138658,11.85,63881,5.46,38147,3.26,1984,30184,2.19,101405,7.35,354832,25.72,893357,64.75,5.6,6.1,4.5,967835,70.14,22367,1.62,90476,6.56,96794,7.02,39519,2.86,162787,11.8,770477,670411,87.01,7074,0.92,2655,0.34,1161,0.15,1117,0.14,88059,11.43,400067,167083,41.76,13032,3.26,72495,18.12,79641,19.91,32454,8.11,35362,8.84,202668,26.3,248596,32.27,263737,34.23,55476,7.2,88444,22.11,139533,34.88,138984,34.74,33106,8.28,172090,43.02,291112,24.87,388129,33.16,402721,34.4,88582,7.57,18122,4.53,3485,19.23,3567,19.68,8484,46.82,1640,77404.78,946,5.22,67687,16.92,8774,12.96,13805,20.4,37880,55.96,4563,6.74,2665,3.94,158780,39.69,6728,4.24,12801,8.06,108431,68.29,19431,12.24,11389,7.17,155478,38.86,2178,1.4,7235,4.65,71140,45.76,53577,34.46,21348,13.73,130596,32.64,62773,15.69,56396,14.1,40583,10.14,24062,6.01,14542,3.63,19910,4.98,6902,1.73,3991,1,3964,0.99,36348,9.09,579,3389,0.44,14049,1.82,125848,16.33,627191,81.4,18122,4.53,67687,16.92,158780,39.69,155478,38.86,133600,148700,109900,875692,279600,14021,1231,0,125882,16.34,3881,0.5,588,0.08,0,0,640126,83.08,153718,38.42,10140,2.53,643,0.16,0,0,235566,58.88,205402711845.785,2683802.42350684
31,04,AZ,Arizona,3040595,2643430,86.94,397165,13.06,1727176,65.34,403865,23.38,685923,39.71,234376,13.57,213531,12.36,107984,6.25,81497,4.72,916254,34.66,322340,35.18,251371,27.43,133271,14.55,101883,11.12,58795,6.42,48594,5.3,726205,27.47,937294,35.46,367647,13.91,315414,11.93,166779,6.31,130091,4.92,1987,88018,2.89,336662,11.07,791660,26.04,1824255,60,5.4,6,4.2,1947438,64.05,149295,4.91,142703,4.69,247576,8.14,228117,7.5,325466,10.7,1727176,1414094,81.87,84400,4.89,13827,0.8,17285,1,14829,0.86,182741,10.58,916254,324965,35.47,44920,4.9,109812,11.98,194539,21.23,184540,20.14,57478,6.27,583764,33.8,622756,36.06,478205,27.69,42451,2.46,227292,24.81,366171,39.96,291055,31.77,31736,3.46,322791,35.23,811056,30.68,988927,37.41,769260,29.1,74187,2.81,57098,6.23,2430,4.26,5181,9.07,31618,55.37,15709,1219706.15,2160,3.78,206209,22.51,8537,4.14,11193,5.43,106296,51.55,75473,36.6,4710,2.28,319836,34.91,4349,1.36,7906,2.47,119438,37.34,174066,54.42,14077,4.4,333111,36.36,2777,0.83,7151,2.15,53056,15.93,245664,73.75,24463,7.34,84426,9.21,63123,6.89,77232,8.43,90126,9.84,99329,10.84,89206,9.74,170616,18.62,99627,10.87,69154,7.55,28005,3.06,45410,4.96,924,11058,0.64,57608,3.34,335758,19.44,1322752,76.58,57098,6.23,206209,22.51,319836,34.91,333111,36.36,242000,258400,204300,1813405,772554,53951,3354,166,376491,21.8,15252,0.88,1758,0.1,106,0.01,1333569,77.21,396063,43.23,38699,4.22,1596,0.17,60,0.01,479836,52.37,434050856294.648,2906930.96148123
32,47,TN,Tennessee,2996127,2639455,88.1,356672,11.9,1756534,66.55,416525,23.71,692282,39.41,282083,16.06,221786,12.63,93230,5.31,50628,2.88,882921,33.45,337639,38.24,247280,28.01,135414,15.34,90050,10.2,45948,5.2,26590,3.01,754164,28.57,939562,35.6,417497,15.82,311836,11.81,139178,5.27,77218,2.93,1982,47204,1.58,232770,7.77,761946,25.43,1954207,65.22,5.8,6.4,4.5,2054334,68.57,99564,3.32,174123,5.81,251348,8.39,145718,4.86,271040,9.05,1756534,1526778,86.92,56490,3.22,11634,0.66,9097,0.52,7225,0.41,145310,8.27,882921,325116,36.82,34394,3.9,136848,15.5,202015,22.88,111117,12.59,73431,8.32,463100,26.36,569435,32.42,565538,32.2,158461,9.02,186030,21.07,281529,31.89,320534,36.3,94828,10.74,415362,47.04,649130,24.59,850964,32.24,886072,33.57,253289,9.6,28891,3.27,4180,14.47,3713,12.85,11277,39.03,8695,503512.67,1026,3.55,165195,18.71,17824,10.79,19471,11.79,77950,47.19,45164,27.34,4786,2.9,362846,41.1,11038,3.04,22401,6.17,191417,52.75,115732,31.9,22258,6.13,325989,36.92,5987,1.84,11716,3.59,115954,35.57,154107,47.27,38225,11.73,199624,22.61,102521,11.61,98975,11.21,87626,9.92,71068,8.05,56128,6.36,91745,10.39,52873,5.99,39007,4.42,17059,1.93,66295,7.51,708,5374,0.31,23764,1.35,264126,15.04,1463270,83.3,28891,3.27,165195,18.71,362846,41.1,325989,36.92,177600,192800,158000,1943019,668143,26356,1894,43,306595,17.45,6449,0.37,694,0.04,10,0,1442786,82.14,361548,40.95,19907,2.25,1200,0.14,33,0,500233,56.66,166421163298.055,2629506.49577446
33,48,TX,Texas,11112975,9906070,89.14,1206905,10.86,6168808,62.27,1177831,19.09,2108715,34.18,1056738,17.13,997036,16.16,505751,8.2,322737,5.23,3737262,37.73,1329624,35.58,996387,26.66,568527,15.21,443677,11.87,243409,6.51,155638,4.16,2507455,25.31,3105102,31.35,1625265,16.41,1440713,14.54,749160,7.56,478375,4.83,1987,262759,2.36,1405448,12.65,2450868,22.05,6993900,62.93,5.5,6.3,4.1,7232758,65.08,298606,2.69,570286,5.13,1178924,10.61,1048049,9.43,784352,7.06,6168808,5472258,88.71,142416,2.31,32127,0.52,28887,0.47,34767,0.56,458353,7.43,3737262,1124966,30.1,129814,3.47,466592,12.48,969582,25.94,868962,23.25,177346,4.75,2082082,33.75,1822880,29.55,1864997,30.23,398849,6.47,1040538,27.84,1279711,34.24,1197038,32.03,219975,5.89,1417013,37.92,3122620,31.52,3102591,31.32,3062035,30.91,618824,6.25,175282,4.69,7825,4.46,12831,7.32,82550,47.1,66762,5098609,5314,3.03,1072520,28.7,42816,3.99,49582,4.62,510010,47.55,454763,42.4,15349,1.43,1312646,35.12,25673,1.96,43979,3.35,473492,36.07,717663,54.67,51839,3.95,1176814,31.49,10655,0.91,25871,2.2,236002,20.05,797508,67.77,106778,9.07,381975,10.22,231378,6.19,325010,8.7,393618,10.53,397007,10.62,344733,9.22,623248,16.68,394151,10.55,331478,8.87,135384,3.62,179280,4.8,915,36968,0.6,105169,1.7,748504,12.13,5278167,85.56,175282,4.69,1072520,28.7,1312646,35.12,1176814,31.49,187200,215700,150300,6769361,2926188,201912,8184,425,1307897,21.2,47813,0.78,3038,0.05,78,0,4809982,77.97,1618291,43.3,154099,4.12,5146,0.14,347,0.01,1959379,52.43,947947414355.516,14305492.3942274
34,49,UT,Utah,1110369,1003345,90.36,107024,9.64,707663,70.53,114842,16.23,228108,32.23,106431,15.04,106180,15,74468,10.52,77634,10.97,295682,29.47,81075,27.42,88395,29.9,48000,16.23,38605,13.06,19978,6.76,19629,6.64,195917,19.53,316503,31.54,154431,15.39,144785,14.43,94446,9.41,97263,9.69,1985,20646,1.86,77021,6.94,213642,19.24,799060,71.96,6.6,7.6,4.3,761130,68.55,74233,6.69,74687,6.73,84644,7.62,80443,7.24,35232,3.17,707663,618738,87.43,43283,6.12,9774,1.38,10191,1.44,5374,0.76,20303,2.87,295682,81435,27.54,26529,8.97,56038,18.95,63318,21.41,60747,20.54,7615,2.58,233073,32.94,202777,28.65,206426,29.17,65387,9.24,79042,26.73,89504,30.27,93632,31.67,33504,11.33,127136,43,312115,31.11,292281,29.13,300058,29.91,98891,9.86,12739,4.31,803,6.3,1478,11.6,6156,48.32,3873,258410.12,429,3.37,54797,18.53,2905,5.3,3802,6.94,27881,50.88,19414,35.43,795,1.45,110516,37.38,1690,1.53,3356,3.04,46173,41.78,55663,50.37,3634,3.29,117630,39.78,667,0.57,3492,2.97,21235,18.05,84925,72.2,7311,6.22,26548,8.98,16878,5.71,20386,6.89,31603,10.69,30476,10.31,27315,9.24,55892,18.9,36823,12.45,28923,9.78,8669,2.93,12169,4.12,958,2010,0.28,8163,1.15,74505,10.53,622985,88.03,12739,4.31,54797,18.53,110516,37.38,117630,39.78,305400,311500,290700,731788,255696,15036,712,113,134906,19.06,3702,0.52,193,0.03,64,0.01,568798,80.38,120790,40.85,11334,3.83,519,0.18,49,0.02,162990,55.12,368285906674.281,2557182.00923006
35,51,VA,Virginia,3537788,3184121,90,353667,10,2123771,66.7,486500,22.91,786636,37.04,350264,16.49,306213,14.42,126047,5.94,68111,3.21,1060350,33.3,387809,36.57,305567,28.82,159411,15.03,118569,11.18,54909,5.18,34085,3.21,874309,27.46,1092203,34.3,509675,16.01,424782,13.34,180956,5.68,102196,3.21,1981,59030,1.67,293467,8.3,808021,22.84,2377270,67.2,6.1,7,4.4,2183734,61.73,392817,11.1,153187,4.33,356790,10.09,276567,7.82,174693,4.94,2123771,1694877,79.81,247596,11.66,14590,0.69,37415,1.76,38986,1.84,90307,4.25,1060350,287504,27.11,123488,11.65,116757,11.01,280708,26.47,207850,19.6,44043,4.15,493764,23.25,707082,33.29,709670,33.42,213255,10.04,211151,19.91,337448,31.82,386652,36.46,125099,11.8,511751,48.26,704915,22.14,1044530,32.8,1096322,34.43,338354,10.63,42920,4.05,2520,5.87,2243,5.23,10077,23.48,26624,1390029.65,1456,3.39,219747,20.72,13967,6.36,12596,5.73,59492,27.07,129001,58.7,4691,2.13,414959,39.13,10754,2.59,15647,3.77,124140,29.92,248521,59.89,15897,3.83,382724,36.09,4974,1.3,8977,2.35,67992,17.77,267973,70.02,32808,8.57,126262,11.91,54676,5.16,60452,5.7,69557,6.56,74159,6.99,67424,6.36,142825,13.47,120806,11.39,170948,16.12,118389,11.17,54852,5.17,1088,5253,0.25,34021,1.6,274551,12.93,1809946,85.22,42920,4.05,219747,20.72,414959,39.13,382724,36.09,282800,305000,232300,2282294,865431,33723,2466,207,418936,19.73,6783,0.32,665,0.03,7,0,1697380,79.92,446495,42.11,26940,2.54,1801,0.17,200,0.02,584914,55.16,164978394198.191,10760945.4895836
36,50,VT,Vermont,337214,262852,77.95,74362,22.05,187374,71.28,46793,24.97,80163,42.78,26823,14.32,22611,12.07,7385,3.94,3599,1.92,75478,28.72,34033,45.09,22364,29.63,9895,13.11,6263,8.3,1838,2.44,1085,1.44,80826,30.75,102527,39.01,36718,13.97,28874,10.98,9223,3.51,4684,1.78,1967,13736,4.07,36653,10.87,90236,26.76,196589,58.3,5.7,6.4,4,225760,66.95,14045,4.17,39820,11.81,22225,6.59,13648,4.05,21716,6.44,187374,157559,84.09,7550,4.03,5769,3.08,1828,0.98,791,0.42,13877,7.41,75478,16168,21.42,2555,3.39,26718,35.4,15262,20.22,10880,14.41,3895,5.16,31236,16.67,52671,28.11,55932,29.85,47535,25.37,9674,12.82,14986,19.85,21804,28.89,29014,38.44,50818,67.33,40910,15.56,67657,25.74,77736,29.57,76549,29.12,6864,9.09,647,9.43,694,10.11,3686,53.7,1680,131805.27,157,2.29,21358,28.3,2177,10.19,2249,10.53,10963,51.33,5432,25.43,537,2.51,28126,37.26,555,1.97,864,3.07,8803,31.3,16585,58.97,1319,4.69,19130,25.35,226,1.18,575,3.01,4134,21.61,11806,61.71,2389,12.49,9769,12.94,4431,5.87,6193,8.21,8679,11.5,8396,11.12,6099,8.08,11718,15.53,7453,9.87,5741,7.61,2597,3.44,4402,5.83,877,1111,0.59,6437,3.44,41492,22.14,138334,73.83,6864,9.09,21358,28.3,28126,37.26,19130,25.35,230900,237500,218600,179673,80138,2760,281,0,46781,24.97,1054,0.56,48,0.03,0,0,139491,74.45,33357,44.19,1706,2.26,233,0.31,0,0,40182,53.24,48271500537.5586,1280923.18604162
37,53,WA,Washington,3150194,2905822,92.24,244372,7.76,1838059,63.25,379909,20.67,714518,38.87,294296,16.01,267563,14.56,109945,5.98,71828,3.91,1067763,36.75,395699,37.06,314911,29.49,151186,14.16,115918,10.86,53499,5.01,36550,3.42,775608,26.69,1029429,35.43,445482,15.33,383481,13.2,163444,5.62,108378,3.73,1983,121077,3.84,366706,11.64,775944,24.63,1886467,59.88,5.6,6.5,4,1987145,63.08,126672,4.02,185485,5.89,292636,9.29,362458,11.51,195798,6.22,1838059,1553430,84.51,64073,3.49,23561,1.28,30652,1.67,34731,1.89,131612,7.16,1067763,288322,27,56123,5.26,145863,13.66,238909,22.37,295639,27.69,42907,4.02,439523,23.91,537396,29.24,581795,31.65,279345,15.2,243462,22.8,329041,30.82,354512,33.2,140748,13.18,495260,46.38,682985,23.5,866437,29.82,936307,32.22,420093,14.46,91335,8.55,5248,5.75,4684,5.13,25615,28.05,53732,2450232,2056,2.25,271574,25.43,16375,6.03,14976,5.51,75395,27.76,160359,59.05,4469,1.65,394939,36.99,6553,1.66,8362,2.12,91364,23.13,277421,70.24,11239,2.85,309915,29.02,2612,0.84,4746,1.53,36597,11.81,242357,78.2,23603,7.62,85090,7.97,40262,3.77,46468,4.35,63440,5.94,74122,6.94,70111,6.57,165428,15.49,150654,14.11,200220,18.75,130601,12.23,41367,3.87,1202,9772,0.53,51680,2.81,304580,16.57,1472027,80.09,91335,8.55,271574,25.43,394939,36.99,309915,29.02,366800,379600,334000,1958393,890865,53416,2979,169,428725,23.32,10248,0.56,879,0.05,40,0,1398167,76.07,462140,43.28,43168,4.04,2100,0.2,129,0.01,560226,52.47,381941244378.266,8695701.18611524
38,55,WI,Wisconsin,2709444,2377935,87.76,331509,12.24,1596500,67.14,364490,22.83,662203,41.48,224305,14.05,209835,13.14,89800,5.62,45867,2.87,781435,32.86,351258,44.95,217921,27.89,95598,12.23,64935,8.31,31394,4.02,20329,2.6,715748,30.1,880124,37.01,319903,13.45,274770,11.55,121194,5.1,66196,2.78,1973,57402,2.12,260698,9.62,767623,28.33,1623721,59.93,5.7,6.4,4.2,1804037,66.58,114519,4.23,269606,9.95,225149,8.31,204374,7.54,91759,3.39,1596500,1416168,88.7,59184,3.71,41188,2.58,15508,0.97,13484,0.84,50968,3.19,781435,164940,21.11,48053,6.15,194885,24.94,189066,24.19,171286,21.92,13205,1.69,285717,17.9,373336,23.38,559851,35.07,377596,23.65,116414,14.9,193074,24.71,274366,35.11,197581,25.28,471947,60.39,402131,16.91,566410,23.82,834217,35.08,575177,24.19,37553,4.81,1743,4.64,5695,15.17,22331,59.47,7194,517005.39,590,1.57,190139,24.33,16024,8.43,23735,12.48,112259,59.04,35465,18.65,2656,1.4,346218,44.31,4337,1.25,11480,3.32,210226,60.72,110084,31.8,10091,2.91,207525,26.56,2068,1,6539,3.15,75025,36.15,106167,51.16,17726,8.54,118466,15.16,89898,11.5,118190,15.12,114288,14.63,89512,11.45,61984,7.93,81270,10.4,39253,5.02,23574,3.02,13937,1.78,31063,3.98,741,2852,0.18,28489,1.78,293868,18.41,1271291,79.63,37553,4.81,190139,24.33,346218,44.31,207525,26.56,189200,196500,174600,1753968,596700,23360,3694,213,291708,18.27,5414,0.34,1478,0.09,172,0.01,1297728,81.29,304992,39.03,17946,2.3,2216,0.28,41,0.01,456240,58.38,287223527117.309,4094552.26534585
39,54,WV,West Virginia,893615,734235,82.16,159380,17.84,540786,73.65,141973,26.25,216869,40.1,85031,15.72,60909,11.26,23905,4.42,12099,2.24,193449,26.35,79735,41.22,53883,27.85,28664,14.82,18931,9.79,7984,4.13,4252,2.2,221708,30.2,270752,36.88,113695,15.48,79840,10.87,31889,4.34,16351,2.23,1974,16789,1.88,63970,7.16,245831,27.51,567025,63.45,5.9,6.3,4.7,635093,71.07,20016,2.24,43047,4.82,41092,4.6,23312,2.61,131055,14.67,540786,452317,83.64,10045,1.86,2224,0.41,1285,0.24,679,0.13,74236,13.73,193449,78880,40.78,7378,3.81,30112,15.57,32079,16.58,18201,9.41,26799,13.85,94113,17.4,139783,25.85,193564,35.79,113326,20.96,25052,12.95,52291,27.03,72132,37.29,43974,22.73,116106,60.02,119165,16.23,192074,26.16,265696,36.19,157300,21.42,7278,3.76,1458,20.03,1286,17.67,3326,45.7,796,60602.61,412,5.66,34633,17.9,6514,18.81,7029,20.3,17271,49.87,1575,4.55,2244,6.48,78261,40.46,3373,4.31,8340,10.66,45916,58.67,9593,12.26,11039,14.11,73277,37.88,1215,1.66,4521,6.17,29257,39.93,20684,28.23,17600,24.02,67721,35.01,27094,14.01,22629,11.7,15603,8.07,9711,5.02,5717,2.96,7518,3.89,2983,1.54,2344,1.21,834,0.43,31295,16.18,543,1402,0.26,10057,1.86,106566,19.71,422761,78.18,7278,3.76,34633,17.9,78261,40.46,73277,37.88,123200,151000,99000,576782,151923,5099,431,0,78907,14.59,2106,0.39,224,0.04,0,0,459549,84.98,73016,37.74,2993,1.55,207,0.11,0,0,117233,60.6,103045932406.051,2614068.36439816
40,56,WY,Wyoming,278495,233231,83.75,45264,16.25,165530,70.97,39691,23.98,68434,41.34,21499,12.99,20202,12.2,9619,5.81,6085,3.68,67701,29.03,27487,40.6,19431,28.7,9778,14.44,6038,8.92,3286,4.85,1681,2.48,67178,28.8,87865,37.67,31277,13.41,26240,11.25,12905,5.53,7766,3.33,1978,5298,1.9,22229,7.98,67390,24.2,183578,65.92,6,6.7,4.4,186599,67,12765,4.58,18459,6.63,15623,5.61,9227,3.31,35822,12.86,165530,136095,82.22,6704,4.05,1559,0.94,450,0.27,130,0.08,20592,12.44,67701,25191,37.21,4702,6.95,12392,18.3,10959,16.19,7228,10.68,7229,10.68,40337,24.37,43748,26.43,59085,35.69,22360,13.51,11842,17.49,19063,28.16,24219,35.77,12577,18.58,36796,54.35,52179,22.37,62811,26.93,83304,35.72,34937,14.98,2123,3.14,160,7.54,377,17.76,1194,56.24,371,12711.49,21,0.99,12942,19.12,1357,10.49,1760,13.6,7580,58.57,1806,13.95,439,3.39,26110,38.57,1012,3.88,1261,4.83,16282,62.36,6222,23.83,1333,5.11,26526,39.18,220,0.83,1223,4.61,6783,25.57,13809,52.06,4491,16.93,11415,16.86,7933,11.72,7983,11.79,8576,12.67,6326,9.34,4413,6.52,6777,10.01,3648,5.39,3232,4.77,1114,1.65,6284,9.28,734,706,0.43,3416,2.06,26023,15.72,135385,81.79,2123,3.14,12942,19.12,26110,38.57,26526,39.18,228000,238300,206400,177337,53293,2351,250,0,29774,17.99,723,0.44,131,0.08,0,0,134902,81.5,23519,34.74,1628,2.4,119,0.18,0,0,42435,62.68,474197341059.852,2777133.20830472
41,13,GA,Georgia,4329675,3830264,88.47,499411,11.53,2453159,64.05,554270,22.59,890611,36.3,414919,16.91,355248,14.48,154382,6.29,83729,3.41,1377105,35.95,491967,35.72,375497,27.27,218914,15.9,159079,11.55,77232,5.61,54416,3.95,1046237,27.32,1266108,33.06,633833,16.55,514327,13.43,231614,6.05,138145,3.61,1987,63133,1.46,324296,7.49,941348,21.74,3000898,69.31,6,6.8,4.7,2883154,66.59,175589,4.06,220201,5.09,389644,9,283482,6.55,377605,8.72,2453159,2103456,85.74,100485,4.1,14733,0.6,19235,0.78,24982,1.02,190268,7.76,1377105,498271,36.18,60510,4.39,174452,12.67,313218,22.74,219696,15.95,110958,8.06,776300,31.64,914911,37.3,619875,25.27,142073,5.79,335120,24.34,523298,38,422707,30.7,95980,6.97,518687,37.67,1111420,29.02,1438209,37.55,1042582,27.22,238053,6.22,43224,3.14,3492,8.08,4366,10.1,16845,38.97,17080,1151812.87,1441,3.33,243109,17.65,19009,7.82,21008,8.64,89397,36.77,109219,44.93,4476,1.84,513118,37.26,12355,2.41,25194,4.91,223396,43.54,232117,45.24,20056,3.91,577654,41.95,6594,1.14,17601,3.05,165496,28.65,341669,59.15,46294,8.01,243055,17.65,112488,8.17,113997,8.28,126978,9.22,130635,9.49,115886,8.42,207123,15.04,131158,9.52,92699,6.73,30819,2.24,72267,5.25,843,7751,0.32,31410,1.28,266022,10.84,2147976,87.56,43224,3.14,243109,17.65,513118,37.26,577654,41.95,190200,208900,157200,2699454,1086093,42286,2352,79,482467,19.67,9118,0.37,1048,0.04,0,0,1960526,79.92,603626,43.83,33168,2.41,1304,0.09,79,0.01,738928,53.66,215595408178.867,3660848.18982441
42,15,HI,Hawaii,546571,467932,85.61,78639,14.39,282037,60.27,58781,20.84,97230,34.47,46536,16.5,36767,13.04,19306,6.85,23417,8.3,185895,39.73,54855,29.51,51999,27.97,30420,16.36,23696,12.75,13773,7.41,11152,6,113636,24.28,149229,31.89,76956,16.45,60463,12.92,33079,7.07,34569,7.39,1978,31904,5.84,68285,12.49,143281,26.21,303101,55.46,4.8,5.4,3.9,293998,53.79,49424,9.04,33019,6.04,61350,11.22,107156,19.61,1624,0.3,282037,205517,72.87,19563,6.94,8394,2.98,14625,5.19,33252,11.79,686,0.24,185895,58362,31.4,26549,14.28,20016,10.77,34231,18.41,46107,24.8,630,0.34,51524,18.27,85465,30.3,126034,44.69,19014,6.74,30874,16.61,52327,28.15,87944,47.31,14750,7.93,102694,55.24,82398,17.61,137792,29.45,213978,45.73,33764,7.22,18401,9.9,1669,9.07,821,4.46,4053,22.03,11153,774018.55,705,3.83,35410,19.05,2927,8.27,1549,4.37,6091,17.2,23458,66.25,1385,3.91,62226,33.47,889,1.43,1073,1.72,5911,9.5,51415,82.63,2938,4.72,69858,37.58,796,1.14,1211,1.73,4577,6.55,56945,81.52,6329,9.06,13493,7.26,3146,1.69,4125,2.22,4950,2.66,7465,4.02,7887,4.24,24548,13.21,21888,11.77,34522,18.57,52514,28.25,11357,6.11,1497,5194,1.84,14069,4.99,56118,19.9,206656,73.27,18401,9.9,35410,19.05,62226,33.47,69858,37.58,636400,642400,622500,266763,183855,16139,980,195,89534,31.75,4623,1.64,229,0.08,91,0.03,187560,66.5,94321,50.74,11516,6.19,751,0.4,104,0.06,79203,42.61,19021938773.4961,2134288.36146015
43,19,IA,Iowa,1407819,1273941,90.49,133878,9.51,906967,71.19,216074,23.82,367181,40.48,123535,13.62,117440,12.95,54109,5.97,28628,3.16,366974,28.81,163174,44.46,98491,26.84,46329,12.62,32184,8.77,17642,4.81,9154,2.49,379248,29.77,465672,36.55,169864,13.33,149624,11.74,71751,5.63,37782,2.97,1973,22604,1.61,129652,9.21,387867,27.55,867696,61.63,6,6.7,4.2,1028753,73.07,57631,4.09,79452,5.64,104769,7.44,85337,6.06,51877,3.68,906967,818852,90.28,34942,3.85,7774,0.86,5948,0.66,5765,0.64,33686,3.71,366974,128318,34.97,18654,5.08,58773,16.02,83587,22.78,68455,18.65,9187,2.5,167157,18.43,155019,17.09,312965,34.51,271826,29.97,59759,16.28,78988,21.52,130805,35.64,97422,26.55,228227,62.19,226916,17.81,234007,18.37,443770,34.83,369248,28.98,15530,4.23,1059,6.82,3785,24.37,7715,49.68,2646,172905.9,325,2.09,90088,24.55,8519,9.46,17607,19.54,51243,56.88,11210,12.44,1509,1.68,152384,41.52,3021,1.98,8825,5.79,97061,63.7,36356,23.86,7121,4.67,108972,29.69,1130,1.04,4892,4.49,44343,40.69,45202,41.48,13405,12.3,92486,25.2,51701,14.09,50065,13.64,45180,12.31,30030,8.18,19986,5.45,27410,7.47,12270,3.34,9203,2.51,6283,1.71,22360,6.09,651,1660,0.18,20094,2.22,188439,20.78,696774,76.82,15530,4.23,90088,24.55,152384,41.52,108972,29.69,153900,162800,137000,979652,280809,12472,968,40,141844,15.64,3064,0.34,346,0.04,17,0,761696,83.98,138965,37.87,9408,2.56,622,0.17,23,0.01,217956,59.39,264809671487.031,2526449.78305913
44,16,ID,Idaho,737411,649299,88.05,88112,11.95,459428,70.76,99362,21.63,184385,40.13,64261,13.99,54544,11.87,30833,6.71,26043,5.67,189871,29.24,67383,35.49,53644,28.25,27472,14.47,21048,11.09,12747,6.71,7577,3.99,166745,25.68,238029,36.66,91733,14.13,75592,11.64,43580,6.71,33620,5.18,1984,14622,1.98,48217,6.54,167636,22.73,506936,68.75,6,6.6,4.4,542069,73.51,23971,3.25,48820,6.62,36223,4.91,27794,3.77,58534,7.94,459428,408090,88.83,11390,2.48,3424,0.75,1076,0.23,833,0.18,34615,7.53,189871,74131,39.04,10968,5.78,39699,20.91,28764,15.15,22340,11.77,13969,7.36,148553,32.33,126590,27.55,131384,28.6,52901,11.51,47036,24.77,57378,30.22,61182,32.22,24275,12.78,85457,45.01,195589,30.12,183968,28.33,192566,29.66,77176,11.89,8493,4.47,900,10.6,1672,19.69,4098,48.25,1451,62409.74,372,4.38,30003,15.8,2870,9.57,4881,16.27,17136,57.11,4221,14.07,895,2.98,76193,40.13,2029,2.66,4217,5.53,47710,62.62,19035,24.98,3202,4.2,75182,39.6,1108,1.47,2239,2.98,22295,29.65,41893,55.72,7647,10.17,31867,16.78,21765,11.46,22617,11.91,21433,11.29,20870,10.99,14444,7.61,22212,11.7,12166,6.41,7560,3.98,2821,1.49,12116,6.38,757,1587,0.35,8117,1.77,66186,14.41,383538,83.48,8493,4.47,30003,15.8,76193,40.13,75182,39.6,235600,243800,218000,473607,166422,8479,709,82,89553,19.49,2475,0.54,153,0.03,34,0.01,367213,79.93,76869,40.48,6004,3.16,556,0.29,48,0.03,106394,56.03,424674950676.113,4197452.17970864
45,39,OH,Ohio,5217090,4717226,90.42,499864,9.58,3128172,66.31,774662,24.76,1214621,38.83,469896,15.02,400770,12.81,175540,5.61,92683,2.96,1589054,33.69,682983,42.98,431488,27.15,217250,13.67,143777,9.05,68664,4.32,44892,2.83,1457645,30.9,1646109,34.9,687146,14.57,544547,11.54,244204,5.18,137575,2.92,1969,80794,1.55,484161,9.28,1350658,25.89,3301477,63.28,6,6.7,4.5,3596884,68.94,240057,4.6,440032,8.43,440994,8.45,306300,5.87,192823,3.7,3128172,2806178,89.71,122699,3.92,46417,1.48,23997,0.77,13607,0.43,115274,3.69,1589054,524801,33.03,95691,6.02,316410,19.91,359125,22.6,252826,15.91,40201,2.53,454480,14.53,674032,21.55,1255059,40.12,744601,23.8,173165,10.9,335055,21.09,663125,41.73,417709,26.29,1080834,68.02,627645,13.31,1009087,21.39,1918184,40.66,1162310,24.64,56829,3.58,7399,13.02,10190,17.93,28113,49.47,9842,600506.75,1285,2.26,368655,23.2,43703,11.85,50683,13.75,218639,59.31,48990,13.29,6640,1.8,660289,41.55,20959,3.17,31959,4.84,402823,61.01,178307,27,26241,3.97,503281,31.67,10193,2.03,18603,3.7,212842,42.29,214323,42.59,47320,9.4,356711,22.45,244859,15.41,240573,15.14,201504,12.68,141263,8.89,93068,5.86,117985,7.42,54125,3.41,36566,2.3,20914,1.32,81486,5.13,658,5032,0.16,41927,1.34,513384,16.41,2567829,82.09,56829,3.58,368655,23.2,660289,41.55,503281,31.67,151400,160500,132900,3514897,1154631,43974,3560,164,531675,17,10294,0.33,1578,0.05,144,0,2584481,82.62,622956,39.2,33680,2.12,1982,0.12,20,0,930416,58.55,183930632667.434,2538745.65172924
46,40,OK,Oklahoma,1740972,1493569,85.79,247403,14.21,986555,66.05,239918,24.32,376650,38.18,147468,14.95,124567,12.63,62096,6.29,35856,3.63,507014,33.95,192742,38.02,134474,26.52,76133,15.02,56005,11.05,28671,5.65,18989,3.75,432660,28.97,511124,34.22,223601,14.97,180572,12.09,90767,6.08,54845,3.67,1977,33163,1.9,152799,8.78,412517,23.69,1142493,65.62,5.6,6.1,4.5,1270019,72.95,35681,2.05,79461,4.56,124209,7.13,69014,3.96,162588,9.34,986555,877724,88.97,11946,1.21,2850,0.29,2126,0.22,1366,0.14,90543,9.18,507014,236815,46.71,19820,3.91,62169,12.26,99579,19.64,55902,11.03,32729,6.46,240012,24.33,261403,26.5,375908,38.1,109232,11.07,87685,17.29,138533,27.32,215286,42.46,65510,12.92,280796,55.38,327697,21.94,399936,26.78,591194,39.58,174742,11.7,19738,3.89,2206,11.18,3549,17.98,11178,56.63,2009,120804.06,796,4.03,106510,21.01,9832,9.23,13297,12.48,69884,65.61,10055,9.44,3442,3.23,178948,35.29,5139,2.87,11817,6.6,112449,62.84,36490,20.39,13053,7.29,201818,39.81,2934,1.45,8159,4.04,77901,38.6,87409,43.31,25415,12.59,122659,24.19,77135,15.21,71951,14.19,59262,11.69,42452,8.37,26024,5.13,35490,7,15184,2.99,8998,1.77,5153,1.02,42706,8.42,639,3337,0.34,17243,1.75,147713,14.97,818262,82.94,19738,3.89,106510,21.01,178948,35.29,201818,39.81,142400,157300,116500,1112562,362701,17448,812,46,164926,16.72,4820,0.49,378,0.04,34,0,816397,82.75,197775,39.01,12628,2.49,434,0.09,12,0,296165,58.41,274419363077.762,3307541.55552369
47,41,OR,Oregon,1788855,1642579,91.82,146276,8.18,1031006,62.77,224889,21.81,418831,40.62,157539,15.28,137392,13.33,55816,5.41,36539,3.54,611573,37.23,224383,36.69,187891,30.72,86952,14.22,62298,10.19,30506,4.99,19543,3.2,449272,27.35,606722,36.94,244491,14.88,199690,12.16,86322,5.26,56082,3.41,1979,60044,3.36,180827,10.11,480633,26.87,1067351,59.67,5.4,6.2,4.1,1132699,63.32,84492,4.72,124638,6.97,144785,8.09,157957,8.83,144284,8.07,1031006,865355,83.93,35244,3.42,9463,0.92,8166,0.79,9496,0.92,103282,10.02,611573,177567,29.03,43483,7.11,103271,16.89,124443,20.35,135485,22.15,27324,4.47,211349,20.5,280399,27.2,365494,35.45,173764,16.85,119308,19.51,177533,29.03,224467,36.7,90265,14.76,314732,51.46,330657,20.13,457932,27.88,589961,35.92,264029,16.07,45504,7.44,2983,6.56,3423,7.52,16934,37.21,21197,1378516.29,967,2.13,134993,22.07,7790,5.77,9873,7.31,50893,37.7,63746,47.22,2691,1.99,250665,40.99,3957,1.58,5583,2.23,74415,29.69,158573,63.26,8137,3.25,180411,29.5,1508,0.84,2729,1.51,28535,15.82,134269,74.42,13370,7.41,54195,8.86,28975,4.74,40325,6.59,46887,7.67,52055,8.51,54145,8.85,117467,19.21,83382,13.63,76629,12.53,32348,5.29,25165,4.11,1035,5832,0.57,25868,2.51,182805,17.73,816501,79.19,45504,7.44,134993,22.07,250665,40.99,180411,29.5,336700,349700,305000,1080029,525613,34127,2785,25,250024,24.25,6223,0.6,982,0.1,0,0,773777,75.05,275589,45.06,27904,4.56,1803,0.29,25,0,306252,50.08,485375909581.93,3848242.54979813
48,42,PA,Pennsylvania,5713345,5106601,89.38,606744,10.62,3522269,68.97,824651,23.41,1351148,38.36,568752,16.15,477849,13.57,195701,5.56,104168,2.96,1584332,31.03,696777,43.98,436392,27.54,205491,12.97,137586,8.68,66631,4.21,41455,2.62,1521428,29.79,1787540,35,774243,15.16,615435,12.05,262332,5.14,145623,2.85,1962,124503,2.18,585949,10.26,1290943,22.6,3711950,64.97,6.1,6.7,4.4,3264031,57.13,1060733,18.57,477364,8.36,328252,5.75,363501,6.36,219464,3.84,3522269,2647147,75.15,648983,18.43,45470,1.29,17660,0.5,30611,0.87,132398,3.76,1584332,308675,19.48,309263,19.52,355255,22.42,274451,17.32,292856,18.48,43832,2.77,452919,12.86,718368,20.4,1277186,36.26,1073796,30.49,150272,9.48,273964,17.29,600730,37.92,559366,35.31,1160096,73.22,603191,11.81,992332,19.43,1877916,36.77,1633162,31.98,86928,5.49,9521,10.95,10623,12.22,38890,44.74,26172,1535212.45,1722,1.98,434058,27.4,39751,9.16,44932,10.35,208702,48.08,133534,30.76,7139,1.64,556944,35.15,13625,2.45,24104,4.33,237415,42.63,256878,46.12,24922,4.47,506402,31.96,10183,2.01,19362,3.82,151472,29.91,271211,53.56,54174,10.7,279076,17.61,150512,9.5,169233,10.68,169716,10.71,149225,9.42,116855,7.38,197832,12.49,113934,7.19,92954,5.87,57038,3.6,87957,5.55,788,8112,0.23,62880,1.79,553891,15.73,2897386,82.26,86928,5.49,434058,27.4,556944,35.15,506402,31.96,187500,204300,163800,3711788,1337945,50979,5581,308,684906,19.45,12226,0.35,2297,0.07,178,0.01,2822662,80.14,653039,41.22,38753,2.45,3284,0.21,130,0.01,889126,56.12,205413367004.965,2192921.65502982
49,72,PR,Puerto Rico,1559976,1205749,77.29,354227,22.71,817399,67.79,213711,26.15,294729,36.06,155747,19.05,104024,12.73,35257,4.31,13931,1.7,388350,32.21,130338,33.56,103059,26.54,79820,20.55,51567,13.28,17867,4.6,5699,1.47,344049,28.53,397788,32.99,235567,19.54,155591,12.9,53124,4.41,19630,1.63,1975,30397,1.95,85789,5.5,314395,20.15,1129395,72.4,4.9,5,4.5,1073461,68.81,178983,11.47,96028,6.16,116072,7.44,90233,5.78,5199,0.33,817399,664986,81.35,78738,9.63,22441,2.75,22020,2.69,27100,3.32,2114,0.26,388350,191183,49.23,51749,13.33,43547,11.21,63751,16.42,37378,9.62,742,0.19,119483,14.62,281939,34.49,380647,46.57,35330,4.32,41912,10.79,110127,28.36,206921,53.28,29390,7.57,236311,60.85,161395,13.39,392066,32.52,587568,48.73,64720,5.37,11381,2.93,2897,25.45,3256,28.61,2269,19.94,457,37700.7,2502,21.98,38429,9.9,13374,34.8,9094,23.66,6017,15.66,676,1.76,9268,24.12,109605,28.22,17730,16.18,24357,22.22,21334,19.46,2662,2.43,43522,39.71,228935,58.95,19179,8.38,33030,14.43,64285,28.08,14752,6.44,97689,42.67,162394,41.82,28039,7.22,15812,4.07,9699,2.5,7016,1.81,3079,0.79,4686,1.21,1956,0.5,1413,0.36,1275,0.33,152981,39.39,383,5003,0.61,15937,1.95,113916,13.94,682543,83.5,11381,2.93,38429,9.9,109605,28.22,228935,58.95,111200,131700,95800,878512,310048,16218,934,37,190201,23.27,8520,1.04,630,0.08,23,0,618025,75.61,119847,30.86,7698,1.98,304,0.08,14,0,260487,67.08,9946138062.97852,1330222.1815939
50,44,RI,Rhode Island,469289,414730,88.37,54559,11.63,255450,61.59,58040,22.72,95578,37.42,43740,17.12,37247,14.58,14143,5.54,6702,2.62,159280,38.41,68850,43.23,43505,27.31,22642,14.22,14161,8.89,7088,4.45,3034,1.9,126890,30.6,139083,33.54,66382,16.01,51408,12.4,21231,5.12,9736,2.35,1958,12035,2.56,63575,13.55,141593,30.17,252086,53.72,5.4,6.2,4.1,259339,55.26,16816,3.58,109146,23.26,40269,8.58,39273,8.37,4446,0.95,255450,210302,82.33,10776,4.22,25204,9.87,3508,1.37,2875,1.13,2785,1.09,159280,23096,14.5,5063,3.18,66306,41.63,31343,19.68,32802,20.59,670,0.42,23904,9.36,54851,21.47,98803,38.68,77892,30.49,8978,5.64,26792,16.82,55288,34.71,68222,42.83,123510,77.54,32882,7.93,81643,19.69,154091,37.15,146114,35.23,9320,5.85,1993,21.38,951,10.2,3392,36.39,2751,161512.19,233,2.5,47119,29.58,7757,16.46,6748,14.32,17351,36.82,14194,30.12,1069,2.27,61080,38.35,2374,3.89,2756,4.51,18846,30.85,35016,57.33,2088,3.42,41761,26.22,813,1.95,1272,3.05,8259,19.78,28772,68.9,2645,6.33,27222,17.09,6592,4.14,11271,7.08,15583,9.78,18665,11.72,16456,10.33,24731,15.53,15436,9.69,11752,7.38,5537,3.48,6035,3.79,885,466,0.18,6969,2.73,60130,23.54,187885,73.55,9320,5.85,47119,29.58,61080,38.35,41761,26.22,276600,277100,275700,277288,132468,4324,545,105,65085,25.48,1117,0.44,190,0.07,0,0,189058,74.01,67383,42.3,3207,2.01,355,0.22,105,0.07,88230,55.39,5050308398.82031,1147556.87357382
51,45,SC,South Carolina,2319112,1961481,84.58,357631,15.42,1375391,70.12,347359,25.26,549513,39.95,213498,15.52,162895,11.84,69330,5.04,32796,2.38,586090,29.88,223788,38.18,163175,27.84,91257,15.57,61459,10.49,29124,4.97,17287,2.95,571147,29.12,712688,36.33,304755,15.54,224354,11.44,98454,5.02,50083,2.55,1986,36643,1.58,127165,5.48,550621,23.74,1604683,69.19,5.8,6.4,4.6,1479589,63.8,73173,3.16,105006,4.53,171533,7.4,120084,5.18,369727,15.94,1375391,1106974,80.48,39892,2.9,7805,0.57,13205,0.96,6850,0.5,200665,14.59,586090,199579,34.05,23370,3.99,77093,13.15,121699,20.76,64802,11.06,99547,16.98,449893,32.71,451513,32.83,391265,28.45,82720,6.01,135766,23.16,215127,36.71,189570,32.34,45627,7.78,235197,40.13,585659,29.86,666640,33.99,580835,29.61,128347,6.54,21476,3.66,2320,10.8,2450,11.41,9732,45.32,6169,404809.88,805,3.75,84700,14.45,8460,9.99,9747,11.51,39099,46.16,24623,29.07,2771,3.27,235183,40.13,6034,2.57,14655,6.23,121042,51.47,77708,33.04,15744,6.69,244731,41.76,2616,1.07,8644,3.53,87393,35.71,111785,45.68,34293,14.01,127079,21.68,66241,11.3,62654,10.69,54361,9.28,49584,8.46,39114,6.67,62820,10.72,33995,5.8,24288,4.14,12341,2.11,53613,9.15,717,3812,0.28,14159,1.03,191071,13.89,1166349,84.8,21476,3.66,84700,14.45,235183,40.13,244731,41.76,170100,192200,135000,1432534,509458,18081,1254,154,260726,18.96,3482,0.25,525,0.04,35,0,1110623,80.75,248732,42.44,14599,2.49,729,0.12,119,0.02,321911,54.93,116693382965.717,4502299.95178476
52,46,SD,South Dakota,396817,347878,87.67,48939,12.33,236495,67.98,54720,23.14,98255,41.55,30764,13.01,29396,12.43,15561,6.58,7799,3.3,111383,32.02,51605,46.33,28985,26.02,12555,11.27,8785,7.89,5574,5,3879,3.48,106325,30.56,127240,36.58,43319,12.45,38181,10.98,21135,6.08,11678,3.36,1979,7852,1.98,37055,9.34,109568,27.61,242342,61.07,6,6.9,4.2,266995,67.28,15086,3.8,21707,5.47,32713,8.24,25792,6.5,34524,8.7,236495,204211,86.35,8059,3.41,1712,0.72,1405,0.59,404,0.17,20704,8.75,111383,33286,29.88,5876,5.28,15964,14.33,27064,24.3,22734,20.41,6459,5.8,58491,24.73,50510,21.36,76861,32.5,50633,21.41,24123,21.66,29125,26.15,39208,35.2,18927,16.99,58135,52.19,82614,23.75,79635,22.89,116069,33.36,69560,20,5030,4.52,556,11.05,1405,27.93,2406,47.83,524,26205.21,139,2.76,25303,22.72,3091,12.22,5230,20.67,14361,56.76,2176,8.6,445,1.76,47672,42.8,1504,3.15,3626,7.61,31005,65.04,9284,19.47,2253,4.73,33378,29.97,846,2.53,2780,8.33,11863,35.54,12576,37.68,5313,15.92,30547,27.43,13723,12.32,15267,13.71,12622,11.33,10100,9.07,5966,5.36,8666,7.78,3290,2.95,1573,1.41,1479,1.33,8150,7.32,649,344,0.15,4598,1.94,45496,19.24,186057,78.67,5030,4.52,25303,22.72,47672,42.8,33378,29.97,174600,192500,154700,266938,76313,4188,369,70,37978,16.06,1200,0.51,131,0.06,0,0,197186,83.38,38335,34.42,2988,2.68,238,0.21,70,0.06,69752,62.62,391981684207.578,2963049.66934191
